brand_name,calcium_perc,calories,carb_g,cholesterol_mg,fat_g,fiber_g,iron_perc,item_desc,item_name,potassium_mg,protein_g,saturated_fat_g,serving_size,sodium_mg,sugar_g,trans_fat_g,vit_a_perc,vit_c_perc,brand_label,category
17th Street Bar & Grill®,0%,30,6g,0mg,1g,<1g,2%,All Natural (bottled),Original Barbecue Sauce,not found,0g,0g,28g,230mg,3g,not found,8%,4%,17th Street Bar & Grill,restaurant
360 Gourmet World Grill®,not found,610,70g,83mg,19g,4g,not found,"a meal wrapped in a tortilla with rice, black beans, lettuce and fresh salsa",360 Gourmet Burrito,not found,39g,3g,1 burrito,1283mg,not found,not found,not found,not found,360 Gourmet,restaurant
360 Gourmet World Grill®,not found,914,62g,130mg,55g,3g,not found,not found,Cajun Steak Quesadilla,not found,42g,16g,1 quesadilla,1598mg,not found,not found,not found,not found,360 Gourmet,restaurant
360 Gourmet World Grill®,not found,526,26g,55mg,37g,6g,not found,not found,Curry Steak Salad,not found,22g,4g,1 salad,448mg,not found,not found,not found,not found,360 Gourmet,restaurant
360 Gourmet World Grill®,not found,419,13g,69mg,28g,4g,not found,not found,Lemon Garlic Chicken Salad,not found,28g,3g,1 salad,345mg,not found,not found,not found,not found,360 Gourmet,restaurant
360 Gourmet World Grill®,not found,555,107g,0mg,6g,11g,not found,not found,Mexican Classic Burrito,not found,20g,0g,1 burrito,1630mg,not found,not found,not found,not found,360 Gourmet,restaurant
360 Gourmet World Grill®,not found,538,73g,108mg,17g,3g,not found,not found,Teriyaki Prawns - Bowl,not found,21g,1g,1 bowl,1854mg,not found,not found,not found,not found,360 Gourmet,restaurant
360 Gourmet World Grill®,not found,904,100g,69mg,39g,6g,not found,not found,Thai Chicken Wrap,not found,40g,4g,1 wrap,2074mg,not found,not found,not found,not found,360 Gourmet,restaurant
5 & Diner®,29%,769.82,40.05g,83.05mg,55.15g,2.5g,12%,white albacore tuna with melted American cheese on thick-sliced grilled rye,Albacore Tuna Melt,not found,21.92g,13.75g,1 sandwich,1552.33mg,5.48g,1.01g,10%,1%,5 & Diner,restaurant
5 & Diner®,0%,165,42g,0mg,0g,0g,0%,not found,"Apple Juice, 12 fl oz",not found,0g,0g,12 fl oz,30mg,39g,0g,0%,250%,5 & Diner,restaurant
5 & Diner®,0%,220,56g,0mg,0g,0g,0%,not found,"Apple Juice, 16 fl oz",not found,0g,0g,16 fl oz,40mg,52g,0g,0%,200%,5 & Diner,restaurant
5 & Diner®,0%,661.32,78.15g,0mg,38.07g,4g,12%,not found,Apple Pie,not found,4g,8.01g,1 order,561.12mg,26.05g,10.02g,0%,0%,5 & Diner,restaurant
5 & Diner®,10%,801.32,94.15g,35mg,45.07g,4g,12%,apple pie with a scoop of vanilla ice cream,Apple Pie a la Mode,not found,7g,12.51g,1 order,616.12mg,39.05g,10.02g,4%,0%,5 & Diner,restaurant
5 & Diner®,20%,642.14,37.27g,625.95mg,34.08g,1g,30%,not found,Apple Sausage Eggs Benedict,not found,47.98g,16.58g,1 order,1596.54mg,3.85g,0g,21%,25%,5 & Diner,restaurant
5 & Diner®,3%,9.96,1.43g,0.63mg,0.23g,0.1g,1%,not found,Au Jus,not found,0.58g,0.14g,4 oz,481.81mg,0.65g,0g,1%,0%,5 & Diner,restaurant
5 & Diner®,5%,347.14,0.78g,443.5mg,30.53g,0g,11%,not found,Bacon and Egg Combo,not found,15.88g,8.91g,1 order,333.8mg,0.78g,1.01g,10%,0%,5 & Diner,restaurant
5 & Diner®,27%,1000.75,58.54g,179.98mg,61.54g,2.44g,39%,"topped with spicy pepperjack cheese, two strips of bacon, Kenny's Special Sauce and seasoned mayo on a toasted sesame seed bun",Bacon and Pepperjack Burger,not found,50.48g,23.84g,1 sandwich,1157.16mg,15.01g,2.44g,18%,15%,5 & Diner,restaurant
5 & Diner®,27%,1000.75,58.54g,179.98mg,62.54g,2.44g,39%,Diner Burger served on a toasted bun with melted cheddar cheese and bacon,Bacon Cheeseburger,not found,50.48g,23.84g,1 sandwich,1167.16mg,15.01g,2.44g,18%,15%,5 & Diner,restaurant
5 & Diner®,9%,514.95,1.32g,741.36mg,44.6g,0g,18%,not found,Bacon Omelette,not found,24.71g,12.09g,1 omelette,432.15mg,1.32g,2.02g,17%,0%,5 & Diner,restaurant
5 & Diner®,15%,270,55g,0mg,1.5g,2g,10%,not found,Bagel,not found,9g,0.5g,1 bagel,440mg,6g,0g,0%,0%,5 & Diner,restaurant
5 & Diner®,5%,247.99,54.75g,0mg,0.32g,5.9g,15%,not found,Baked Potato,not found,6.71g,0.05g,1 baked potato,20.66mg,2.76g,0g,1%,55%,5 & Diner,restaurant
5 & Diner®,23%,709.67,66.74g,169.66mg,19.04g,1.67g,20%,"8 oz chicken breast marinated, charbroiled and topped with sauteed onions, mushrooms, peppers, bacon, melted jack cheese and BBQ bourbon sauce",BBQ Bourbon Chicken,not found,60.86g,7.97g,1 order,1549.58mg,51.82g,0g,40%,188%,5 & Diner,restaurant
5 & Diner®,4%,2246.25,60g,567.5mg,164.15g,0g,36%,"a full rack of baby back ribs slow cooked and glazed with BBQ Bourbon sauce, served with fries, cinnamon apples and garlic toast",BBQ Bourbon Pork Ribs,not found,120.59g,63.84g,1 order,3480.93mg,48g,0g,0%,0%,5 & Diner,restaurant
5 & Diner®,4%,1308.54,60g,300mg,83.72g,0g,8%,crispy House Wings slathered in BBQ Bourbon sauces and served with ranch dressing,BBQ Bourbon Wings,not found,72g,1.33g,1 order,2180mg,48g,0g,5%,0%,5 & Diner,restaurant
5 & Diner®,28%,975.79,76.69g,166.02mg,51.4g,3.04g,42%,Diner Burger on a toasted bun with tangy BBQ sauce,BBQ Burger,not found,49.21g,20.25g,1 sandwich,1124.92mg,22.45g,2.44g,14%,16%,5 & Diner,restaurant
5 & Diner®,37%,1019.82,99.5g,135.6mg,41.59g,3.84g,34%,marinated chicken breast served on a toasted bun smothered with tangy BBQ sauce,BBQ Chicken Sandwich,not found,55.29g,10.76g,1 sandwich,2080.79mg,42.74g,1.01g,12%,11%,5 & Diner,restaurant
5 & Diner®,4%,612.01,20.29g,623.75mg,36.72g,1.26g,63%,served with grilled onions,Beef Liver,not found,47.18g,6.83g,1 order,156.5mg,4.91g,4.43g,767%,18%,5 & Diner,restaurant
5 & Diner®,4%,702.21,20.29g,636.75mg,45.72g,1.26g,64%,not found,Beef Liver with Bacon,not found,49.38g,10.03g,1 order,285.7mg,4.91g,4.43g,767%,18%,5 & Diner,restaurant
5 & Diner®,26%,568.43,47.06g,464.53mg,24.86g,2.48g,32%,not found,Beef Machaca and Scrambled Eggs Combo,not found,39.77g,6.96g,1 order,1141.08mg,3.12g,2.01g,11%,10%,5 & Diner,restaurant
5 & Diner®,37%,1540.86,73.05g,323mg,97.75g,2.77g,65%,double decker burger with melted American cheese on a toasted bun,Big Bopper Burger,not found,86.02g,38.2g,1 sandwich,1752.74mg,17.32g,4.88g,22%,14%,5 & Diner,restaurant
5 & Diner®,10%,1091.71,132.78g,5.1mg,52.56g,2.7g,33%,not found,"Biscuits and Gravy, Full Order",not found,25.02g,14.52g,1 order,4171.28mg,17.52g,19.32g,0%,0%,5 & Diner,restaurant
5 & Diner®,7%,727.81,88.52g,3.4mg,35.04g,1.8g,22%,not found,"Biscuits and Gravy, Half Order",not found,16.68g,9.68g,1 order,2780.85mg,11.68g,12.88g,0%,0%,5 & Diner,restaurant
5 & Diner®,86%,1674.37,137.71g,267.57mg,94.49g,17.12g,78%,fettuccini pasta mixed with alfredo sauce topped with succulent strips of zesty chicken and a side of garlic toast,Blackened Chicken Fettucine Alfredo,not found,85.69g,37.24g,1 order,9702.03mg,30.97g,5.18g,133%,60%,5 & Diner,restaurant
5 & Diner®,4%,438.6,32.1g,39mg,28.68g,2.5g,12%,"a triple decker with bacon, lettuce and tomato",BLT Club House,not found,11.96g,9.64g,1 sandwich,708.6mg,5.4g,0g,15%,18%,5 & Diner,restaurant
5 & Diner®,3%,289.4,20.8g,26mg,19.09g,1.5g,8%,not found,BLT Sandwich,not found,7.83g,6.42g,1 sandwich,471.4mg,3.2g,0g,7%,9%,5 & Diner,restaurant
5 & Diner®,8%,333.75,5.62g,41.87mg,32.31g,0g,0%,not found,Blue Cheese Dressing,not found,3.12g,7.18g,3 fl oz,661.25mg,3.62g,0g,1%,0%,5 & Diner,restaurant
5 & Diner®,51%,1148.91,55.63g,248.72mg,73.91g,2.07g,38%,"Diner Burger with blue cheese crumbles, cream cheese and monterey jack cheese on a toasted bun",Blue Moon Burger,not found,58.58g,35.9g,1 sandwich,1174.74mg,11.41g,2.44g,26%,13%,5 & Diner,restaurant
5 & Diner®,3%,289.4,20.8g,26mg,19.09g,1.5g,8%,not found,Blue Plate Special - BLT Sandwich,not found,7.83g,6.42g,1 sandwich,471.4mg,3.2g,0g,7%,9%,5 & Diner,restaurant
5 & Diner®,51%,766.91,63.65g,469.6mg,42.8g,2g,23%,"two scrambled eggs blend with onions, chiles, tomatoes, mushrooms and monterey jack cheese rolled ina hot flour tortilla, with salsa and potatoes",Blue Plate Special - Breakfast Burrito,not found,33.89g,14.22g,1 burrito,906.96mg,2.78g,1g,19%,20%,5 & Diner,restaurant
5 & Diner®,63%,597.86,52.2g,101.33mg,26.26g,3.89g,24%,not found,Blue Plate Special - Chimichanga,not found,42.36g,13.01g,1 chimichanga,1374.92mg,4.83g,1g,28%,25%,5 & Diner,restaurant
5 & Diner®,9%,955.85,88.91g,228.4mg,56.1g,1.8g,28%,not found,Blue Plate Special - Country Breakfast with Bacon,not found,25.17g,15.44g,1 order,2980.05mg,12.07g,13.89g,5%,0%,5 & Diner,restaurant
5 & Diner®,19%,408.04,24.39g,245mg,27.06g,1g,14%,not found,Blue Plate Special - Egg Muffin with Bacon and Cheese,not found,15.49g,8.76g,1 sandwich,699.2mg,1.39g,1.01g,9%,4%,5 & Diner,restaurant
5 & Diner®,6%,556.86,62.06g,40mg,27.83g,4g,14%,"battered cod served with French fries, corn on the cob and a buttermilk biscuit",Blue Plate Special - Fish and Chips,not found,18g,4.83g,1 order,1220.88mg,0g,3g,3%,20%,5 & Diner,restaurant
5 & Diner®,21%,625.47,67.09g,375.4mg,30.55g,4.16g,25%,not found,Blue Plate Special - French Toast,not found,21.89g,7.48g,1 order,744.1mg,28.48g,1.01g,9%,1%,5 & Diner,restaurant
5 & Diner®,22%,283.84,19g,40mg,18.09g,1g,6%,not found,Blue Plate Special - Grilled Cheese Sandwich,not found,9g,7.01g,1 sandwich,770mg,2g,1.01g,8%,0%,5 & Diner,restaurant
5 & Diner®,48%,500,48g,90mg,18g,2g,16%,not found,Blue Plate Special - Grilled Turkey Melt,not found,42g,8g,1 sandwich,1540mg,2g,0g,8%,0%,5 & Diner,restaurant
5 & Diner®,9%,370.6,53.88g,50.66mg,8.14g,2.5g,21%,not found,Blue Plate Special - Ham Sandwich,not found,24.64g,2.04g,1 sandwich,1921.75mg,7.25g,0g,7%,9%,5 & Diner,restaurant
5 & Diner®,11%,610.85,65.85g,64.46mg,26.33g,1.77g,31%,not found,Blue Plate Special - Sloppy Joe,not found,24g,8.46g,1 sandwich,1353.19mg,22.7g,1.61g,8%,1%,5 & Diner,restaurant
5 & Diner®,2%,711.33,126.13g,0mg,12.6g,11.05g,33%,not found,Blue Plate Special - Spaghetti with Marinara Sauce,not found,21.68g,1.01g,1 order,915.16mg,19.58g,0g,20%,40%,5 & Diner,restaurant
5 & Diner®,29%,766.78,40.05g,83.05mg,55.15g,2.5g,12%,not found,Blue Plate Special - Tuna Melt,not found,21.92g,13.75g,1 sandwich,1552.33mg,5.48g,0g,10%,1%,5 & Diner,restaurant
5 & Diner®,9%,349,47.8g,50mg,6.09g,2.5g,17%,not found,Blue Plate Special - Turkey Sandwich,not found,30.43g,0.02g,1 sandwich,1443mg,3.2g,0g,7%,9%,5 & Diner,restaurant
5 & Diner®,5%,413.55,18.13g,424mg,31.21g,0g,13%,not found,"Blue Plate Special - Two Eggs, Any Style",not found,15.25g,6.13g,1 order,153.35mg,0.78g,1.01g,10%,20%,5 & Diner,restaurant
5 & Diner®,26%,677.52,122.51g,29.76mg,11.85g,3.24g,37%,not found,Blueberry Hill Pancakes,not found,12.71g,1.99g,1 order,1794.81mg,35.05g,0g,2%,5%,5 & Diner,restaurant
5 & Diner®,36%,932.7,172.01g,39.68mg,15.64g,6.48g,51%,not found,Blueberry Pancakes with Fresh Blueberries,not found,17.49g,1.99g,1 order,2391.46mg,52.71g,0g,3%,10%,5 & Diner,restaurant
5 & Diner®,26%,953.11,69.89g,166.98mg,53.54g,2.44g,38%,"classic cheeseburger with cheddar cheese, sweet relish, pickles, tomatoes, lettuce, onions, Kenny's Special Sauce and seasoned mayo on a toasted sesame seed bun",Boss Burger,not found,48.28g,20.64g,1 sandwich,1435.21mg,26.36g,2.44g,18%,14%,5 & Diner,restaurant
5 & Diner®,0%,243.84,40g,0mg,7.09g,2g,4%,not found,Breaded Mushrooms,not found,6g,0.5g,1 order,840mg,4g,0g,2%,0%,5 & Diner,restaurant
5 & Diner®,112%,892.28,66.29g,135.46mg,48.89g,6.47g,25%,not found,Buffalo Chicken Quesadilla,not found,45.64g,23.15g,1 quesadilla,4486.09mg,4.82g,1g,70%,39%,5 & Diner,restaurant
5 & Diner®,1%,1064.15,2.27g,300mg,83.27g,0.85g,1%,delicious wings served hot with ranch dressing and celery,Buffalo Wings,not found,72.42g,1.35g,1 order,2946.8mg,0.94g,0g,30%,3%,5 & Diner,restaurant
5 & Diner®,0%,54,0g,15mg,6g,0g,0%,not found,Butter,not found,0g,4g,1 tbsp,45mg,0g,0g,4%,0%,5 & Diner,restaurant
5 & Diner®,30%,878.57,107.92g,473.26mg,32.36g,0g,47%,"three golden brown pancakes with two bacon strips, syrup and butter",Buttermilk Pancake Breakfast with Bacon,not found,27.78g,7.9g,1 order,2123.72mg,24.59g,0g,10%,0%,5 & Diner,restaurant
5 & Diner®,31%,1476.77,107.92g,551.26mg,92.36g,0g,51%,"three golden brown pancakes with two sausage links, syrup and butter",Buttermilk Pancake Breakfast with Sausage,not found,39.48g,28.6g,1 order,2634.92mg,24.59g,0g,11%,1%,5 & Diner,restaurant
5 & Diner®,12%,867.21,59.6g,254.44mg,49.61g,3.5g,38%,"homemade meat loaf topped with chopped bacon, sauteed mushrooms, onion straws and molasses glaze, served with redskin mashed potatoes and steamed vegetables",Cadillac Meat Loaf,not found,46.34g,17.59g,1 order,1547.26mg,31.75g,2.65g,35%,10%,5 & Diner,restaurant
5 & Diner®,0%,300,9g,15mg,27g,0g,0%,not found,Caesar Dressing,not found,0g,4.5g,3 fl oz,720mg,6g,0g,0%,0%,5 & Diner,restaurant
5 & Diner®,40%,403.27,21.7g,38.37mg,31.87g,3.62g,13%,"romaine lettuce, parmesan cheese, croutons, and classic Caesar dressing",Caesar Salad,not found,15.47g,8.74g,1 salad,1074.14mg,6.02g,0g,209%,68%,5 & Diner,restaurant
5 & Diner®,34%,867.88,72.69g,118.74mg,38.96g,4.44g,24%,marinated breast of chicken topped with melted Swiss cheese and alfalfa sprouts on a toasted bun,California Chicken Sandwich,not found,55.07g,9.33g,1 sandwich,1145.73mg,16.75g,1.01g,19%,15%,5 & Diner,restaurant
5 & Diner®,2%,123.75,13.13g,15mg,4.88g,0.38g,75%,not found,"Cape Cod Clam Chowder, 6 fl oz",not found,6.75g,1.69g,6 fl oz,637.5mg,5.25g,0.19g,0%,19%,5 & Diner,restaurant
5 & Diner®,21%,165,17.5g,20mg,6.5g,0.5g,18%,not found,"Cape Cod Clam Chowder, 8 fl oz",not found,9g,2.25g,8 fl oz,850mg,7g,0.25g,7%,15%,5 & Diner,restaurant
5 & Diner®,0%,1291.1,60g,300mg,83.01g,0g,0%,House Wings slathered in Caribbean Citrus sauce and served with ranch dressing,Caribbean Buffalo Wings,not found,72g,1.35g,1 pound,2120mg,36g,0g,5%,0%,5 & Diner,restaurant
5 & Diner®,5%,478.58,55g,131.66mg,4.13g,1.81g,13%,"8 oz butterfly chicken breast charbroiled and glazed with Caribbean Citrus sauce with pineapple and pico de gallo, with rosemary red skin potatoes, steamed veggies and garlic toast",Caribbean Chicken,not found,54.11g,0.92g,1 order,900.73mg,35.8g,0g,4%,35%,5 & Diner,restaurant
5 & Diner®,4%,539.25,27.76g,133.82mg,25.95g,0.99g,6%,not found,Caribbean Citrus Glazed Salmon,not found,45.96g,5.12g,1 order,700.84mg,15.97g,0g,7%,23%,5 & Diner,restaurant
5 & Diner®,1%,722.81,39.92g,162.5mg,38.84g,0.99g,39%,"top sirloin glazed with Caribbean sauce, topped with Pico de Gallo, with rosemary red skin potatoes, steamed vegetables and garlic toast","Caribbean Steak, 10 oz",not found,50.83g,15.18g,1 order,1585.91mg,23.26g,0g,4%,8%,5 & Diner,restaurant
5 & Diner®,137%,982.67,50.08g,182.41mg,66.81g,2g,10%,not found,Cheese Crisp,not found,50.56g,32.91g,1 order,1574.46mg,2g,2.01g,36%,0%,5 & Diner,restaurant
5 & Diner®,154%,1005.84,55.14g,182.41mg,66.91g,2.78g,11%,not found,Cheese Crisp Grande,not found,51.11g,32.93g,1 order,1704.94mg,3.88g,2.01g,48%,46%,5 & Diner,restaurant
5 & Diner®,81%,1094.72,96.26g,121.6mg,68.68g,8.01g,16%,not found,Cheese Fries,not found,36.38g,25.27g,1 order,2119.35mg,0.04g,6g,28%,40%,5 & Diner,restaurant
5 & Diner®,29%,499.65,1.32g,761.86mg,41.1g,0g,17%,not found,Cheese Omelette,not found,27.41g,13.29g,1 omelette,798.35mg,1.32g,2.02g,25%,0%,5 & Diner,restaurant
5 & Diner®,64%,564.27,48g,40mg,29.36g,0g,0%,"mozzarella cheese lightly battered and fried, served with marinara sauce",Cheese Sticks,not found,32g,12.66g,1 order,1680mg,8g,0g,35%,0%,5 & Diner,restaurant
5 & Diner®,21%,890.55,57.54g,161.98mg,51.54g,2.44g,38%,not found,Cheeseburger with American Cheese,not found,46.28g,19.64g,1 sandwich,1177.96mg,15.01g,2.44g,18%,14%,5 & Diner,restaurant
5 & Diner®,26%,910.55,58.54g,166.98mg,53.54g,2.44g,38%,not found,Cheeseburger with Cheddar Cheese,not found,48.28g,20.64g,1 sandwich,1037.96mg,15.01g,2.44g,18%,14%,5 & Diner,restaurant
5 & Diner®,26%,910.55,57.54g,166.98mg,52.54g,2.44g,38%,not found,Cheeseburger with Jack Cheese,not found,48.28g,20.64g,1 sandwich,1027.96mg,15.01g,2.44g,18%,14%,5 & Diner,restaurant
5 & Diner®,26%,910.55,58.54g,166.98mg,52.54g,2.44g,38%,not found,Cheeseburger with Pepperjack Cheese,not found,48.28g,20.64g,1 sandwich,1027.96mg,15.01g,2.44g,18%,14%,5 & Diner,restaurant
5 & Diner®,31%,910.55,58.54g,161.98mg,52.54g,2.44g,38%,not found,Cheeseburger with Swiss Cheese,not found,49.28g,20.64g,1 sandwich,947.96mg,15.01g,2.44g,18%,14%,5 & Diner,restaurant
5 & Diner®,0%,651.3,78.49g,0mg,36.74g,3.34g,13%,not found,Cherry Pie,not found,5.01g,7.51g,1 order,567.8mg,36.74g,10.02g,17%,0%,5 & Diner,restaurant
5 & Diner®,10%,791.3,94.49g,35mg,43.74g,3.34g,13%,cherry pie with a scoop of vanilla ice cream,Cherry Pie a la Mode,not found,8.01g,12.01g,1 order,622.8mg,49.74g,10.02g,21%,0%,5 & Diner,restaurant
5 & Diner®,42%,590.54,21.7g,137.11mg,33.98g,3.62g,20%,"seasoned grilled chicken breast, romaine lettuce, parmesan cheese, croutons, and classic Caesar dressing",Chicken Caesar Salad,not found,54.78g,9.3g,1 salad,1184.8mg,6.02g,0g,210%,72%,5 & Diner,restaurant
5 & Diner®,30%,679.47,75.64g,113.94mg,18.78g,18.86g,60%,"cilantro Ranch dressing, romaine and iceberg lettuce, marinated chicken breast, corn, black beans, peppers and shredded cheddar in a crispy taco shell bowl",Chicken Fajita Salad,not found,57.76g,3.68g,1 salad,734.73mg,15.85g,0g,382%,218%,5 & Diner,restaurant
5 & Diner®,0%,326.3,18g,42mg,21.05g,0g,0%,not found,Chicken Fingers,not found,14.4g,3.9g,1 order,396mg,0g,0g,1%,0%,5 & Diner,restaurant
5 & Diner®,3%,541.13,48.56g,108.35mg,24.49g,0.87g,15%,a tender breaded chicken breast deep fried to a golden brown and covered with country gravy,Chicken Fried Chicken,not found,28.3g,5.12g,1 order,1818.65mg,2.53g,2.24g,4%,6%,5 & Diner,restaurant
5 & Diner®,9%,800.07,46.27g,223mg,42.98g,1.36g,37%,covered with country gravy,Chicken Fried Steak,not found,53.65g,12.81g,1 order,1644.73mg,5.23g,2.24g,8%,2%,5 & Diner,restaurant
5 & Diner®,8%,668.7,49.34g,532.35mg,32.16g,0.87g,25%,"chicken-fried steak covered with country gravy with two eggs, potatoes and toast or biscuits",Chicken Fried Steak and Eggs,not found,40.88g,8.57g,1 order,1958.65mg,3.31g,3.25g,11%,6%,5 & Diner,restaurant
5 & Diner®,10%,656.13,28.99g,758.95mg,41.3g,0.41g,29%,not found,Chicken Fried Steak Omelette,not found,39.65g,10.76g,1 omelette,1212.53mg,3.73g,4.26g,17%,0%,5 & Diner,restaurant
5 & Diner®,7%,579.1,35.83g,156.36mg,31.09g,0.9g,25%,covered with country gravy,"Chicken Fried Steak, 5 oz",not found,37.07g,9.34g,1 order,1296.68mg,4.4g,2.24g,6%,1%,5 & Diner,restaurant
5 & Diner®,0%,60,9g,18.75mg,0.94g,0.38g,8%,not found,"Chicken Noodle Soup, 6 fl oz",not found,4.13g,0.19g,6 fl oz,744.38mg,0.75g,0g,0%,3%,5 & Diner,restaurant
5 & Diner®,2%,80,12g,25mg,1.25g,0.5g,2%,not found,"Chicken Noodle Soup, 8 fl oz",not found,5.5g,0.25g,8 fl oz,992.5mg,1g,0g,25%,2%,5 & Diner,restaurant
5 & Diner®,53%,650.54,68.83g,147.82mg,22.45g,4.61g,22%,"grilled with onions, sweet bell peppers, and Swiss cheese served on a hoagie roll",Chicken Philly Sandwich,not found,46.98g,10.82g,1 sandwich,997.08mg,10.15g,0g,45%,189%,5 & Diner,restaurant
5 & Diner®,0%,270.82,14.94g,34.86mg,17.47g,0g,0%,"country style buttermilk breaded chicken tenders served with honey dijon dipping sauce, fries, corn on the cob and a buttermilk biscuit",Chicken Tender Meal,not found,11.95g,3.23g,1 order,328.68mg,0g,0g,1%,0%,5 & Diner,restaurant
5 & Diner®,0%,116.25,10.5g,13.13mg,6.38g,0.38g,8%,not found,"Chicken with Wild Rice Soup, 6 fl oz",not found,4.5g,1.5g,6 fl oz,373.13mg,0.75g,1.69g,0%,1%,5 & Diner,restaurant
5 & Diner®,2%,155,14g,17.5mg,8.5g,0.5g,2%,not found,"Chicken with Wild Rice Soup, 8 fl oz",not found,6g,2g,8 fl oz,497.5mg,1g,2.25g,8%,1%,5 & Diner,restaurant
5 & Diner®,6%,380.32,43.48g,63.61mg,16.81g,2.8g,15%,not found,Children's Baked Meatloaf,not found,15.26g,4.82g,1 order,1191.26mg,19.48g,0.66g,11%,3%,5 & Diner,restaurant
5 & Diner®,0%,383.41,40g,15mg,21.82g,2g,8%,not found,Children's Corn Dog,not found,7g,8.34g,1 corn dog,1040mg,19g,0g,1%,0%,5 & Diner,restaurant
5 & Diner®,4%,291.92,15g,75mg,19.54g,1g,6%,not found,Children's Dinosaur Chicken,not found,14g,4.25g,1 order,450mg,1g,0g,1%,0%,5 & Diner,restaurant
5 & Diner®,3%,74,0.39g,212mg,4.97g,0g,5%,not found,Children's Egg,not found,6.29g,1.55g,1 order,70mg,0.39g,0g,5%,0%,5 & Diner,restaurant
5 & Diner®,10%,318.49,40.33g,161.06mg,13.8g,2.07g,12%,not found,Children's French Toast,not found,9.19g,2.46g,1 order,300mg,20.93g,1.01g,4%,0%,5 & Diner,restaurant
5 & Diner®,0%,162.11,23.03g,0mg,8.05g,2g,4%,not found,Children's Fries,not found,2g,1.5g,1 order,300.44mg,0g,1.5g,0%,10%,5 & Diner,restaurant
5 & Diner®,22%,283.84,19g,40mg,18.09g,1g,6%,not found,Children's Grilled Cheese,not found,9g,7.01g,1 sandwich,770mg,2g,1.01g,8%,0%,5 & Diner,restaurant
5 & Diner®,4%,240,22g,25mg,12.5g,1g,10%,not found,Children's Hot Dog,not found,10g,4.5g,1 sandwich,920mg,4g,0g,0%,0%,5 & Diner,restaurant
5 & Diner®,10%,765.81,49.21g,120.87mg,45.73g,1.75g,35%,not found,Children's Little Richard Burger,not found,37.73g,15.07g,1 sandwich,788.6mg,8.52g,3.1g,7%,6%,5 & Diner,restaurant
5 & Diner®,26%,308.21,27.39g,25.68mg,16.26g,1.71g,3%,not found,Children's Macaroni and Cheese,not found,12.84g,5.99g,1 order,1130.1mg,7.7g,0g,0%,0%,5 & Diner,restaurant
5 & Diner®,16%,396.85,71.43g,19.84mg,5.95g,0g,24%,not found,Children's Pancakes,not found,7.93g,0g,1 order,1193.28mg,15.87g,0g,0%,0%,5 & Diner,restaurant
5 & Diner®,25%,504,58.78g,20mg,22.04g,3.2g,20%,not found,Children's Pizza,not found,18.18g,12.01g,1 pizza,831mg,5.53g,0g,11%,4%,5 & Diner,restaurant
5 & Diner®,1%,355.66,63.06g,0mg,6.3g,5.52g,17%,not found,Children's Spaghetti,not found,10.84g,0.5g,1 order,457.58mg,9.79g,0g,10%,20%,5 & Diner,restaurant
5 & Diner®,8%,266.08,34.92g,31.31mg,10.83g,0g,12%,not found,Children's Waffle,not found,3.88g,5.04g,1 order,582.82mg,7.76g,0g,6%,0%,5 & Diner,restaurant
5 & Diner®,88%,1209.42,115.67g,122.2mg,69.83g,14.97g,25%,not found,Chili Cheese Fries,not found,42.59g,25.42g,1 order,2946.62mg,2.11g,6g,46%,53%,5 & Diner,restaurant
5 & Diner®,7%,763.53,111.62g,0.6mg,33.35g,14.97g,25%,not found,Chili Fries,not found,14.22g,5.16g,1 order,2216.98mg,2.11g,6g,22%,53%,5 & Diner,restaurant
5 & Diner®,20%,1000.39,76.12g,141.92mg,53.04g,11.44g,50%,"big burger served open-faced on a toasted sesame seed bun, covered with homemade chili, topped with shredded cheddar cheese",Chili Size Burger,not found,51.42g,17.47g,1 order,1863.98mg,10.1g,3.45g,27%,20%,5 & Diner,restaurant
5 & Diner®,38%,548.85,49.84g,424mg,29.22g,2.78g,21%,not found,Chili Verde,not found,21.13g,6.64g,1 order,750.48mg,4.66g,3.02g,21%,46%,5 & Diner,restaurant
5 & Diner®,1%,172.05,29.12g,0.9mg,1.73g,10.45g,79%,not found,"Chili, 6 fl oz",not found,9.32g,0.23g,6 fl oz,1240.91mg,3.11g,0g,1%,33%,5 & Diner,restaurant
5 & Diner®,14%,229.4,38.83g,1.2mg,2.31g,13.93g,19%,not found,"Chili, 8 fl oz",not found,12.43g,0.31g,8 fl oz,1654.55mg,4.14g,0g,36%,26%,5 & Diner,restaurant
5 & Diner®,16%,773.79,77.1g,98.74mg,28.88g,8.32g,26%,"romaine and iceberg lettuce tossed in tangy Oriental dressing with marinated teriyaki chicken breast, toasted almonds and warm sesame bread",Chinese Chicken Salad,not found,50.07g,3.57g,1 salad,3315.4mg,44.55g,0.76g,347%,114%,5 & Diner,restaurant
5 & Diner®,0%,102.19,1.12g,5.06mg,11.17g,0.05g,0%,not found,Chipotle Mayonnaise,not found,0g,2.02g,1 tbsp,84.01mg,1.01g,0g,0%,0%,5 & Diner,restaurant
5 & Diner®,32%,1121.86,182.28g,39.68mg,31.04g,0g,55%,not found,Choco Chip Pancakes,not found,15.87g,11.44g,1 order,2391.46mg,63.52g,0g,0%,0%,5 & Diner,restaurant
5 & Diner®,5%,249.56,32.6g,37.5mg,7.5g,0g,4%,not found,"Chocolate Milk, 12 fl oz",not found,15g,4.5g,12 fl oz,233.18mg,29.87g,0g,0%,10%,5 & Diner,restaurant
5 & Diner®,70%,332.75,43.46g,50mg,10g,0g,1%,not found,"Chocolate Milk, 16 fl oz",not found,20g,6g,16 fl oz,310.91mg,39.82g,0g,20%,8%,5 & Diner,restaurant
5 & Diner®,47%,1249.63,84.46g,569.69mg,78.77g,15.65g,46%,spicy Mexican sausage with eggs,Chorizo Con Huevos,not found,54.79g,29.21g,1 order,2518.29mg,7.38g,2.26g,72%,67%,5 & Diner,restaurant
5 & Diner®,6%,323.75,6.57g,17.56mg,33.02g,0.2g,0%,not found,Cilantro Ranch Dressing,not found,2.34g,6.19g,3 fl oz,785.05mg,5.43g,0g,4%,1%,5 & Diner,restaurant
5 & Diner®,10%,760,113g,0mg,31g,3g,25%,not found,Cinnamon Roll,not found,10g,6g,1 cinnamon roll,510mg,57g,0g,15%,2%,5 & Diner,restaurant
5 & Diner®,17%,599.91,70.89g,229.7mg,15.12g,3.65g,32%,not found,Coconut Shrimp,not found,41.41g,5.3g,1 order,1550.26mg,7.23g,0g,18%,10%,5 & Diner,restaurant
5 & Diner®,11%,361.22,26.52g,60mg,17.71g,1.08g,11%,deep-fried cod served on a bed of lettuce with special tartar sauce,Cod Fish,not found,21.75g,4.53g,1 order,939.28mg,1.5g,1.01g,9%,4%,5 & Diner,restaurant
5 & Diner®,0%,0,0g,0mg,0g,0g,0%,not found,Coffee,not found,0g,0g,8 fl oz,0mg,0g,0g,0%,0%,5 & Diner,restaurant
5 & Diner®,10%,237,43g,35mg,7g,0g,0%,not found,Coke Float,not found,3g,4.5g,1 float,88mg,40g,0g,4%,0%,5 & Diner,restaurant
5 & Diner®,0%,194,54g,0mg,0g,0g,0%,not found,"Coke, 16 fl oz",not found,0g,0g,16 fl oz,66mg,54g,0g,0%,0%,5 & Diner,restaurant
5 & Diner®,0%,266.75,74.25g,0mg,0g,0g,0%,not found,"Coke, 22 fl oz",not found,0g,0g,22 fl oz,90.75mg,74.25g,0g,0%,0%,5 & Diner,restaurant
5 & Diner®,0%,91.03,19.03g,0mg,0.82g,3.31g,83%,not found,"Cold Cereal, Bran Flakes",not found,2.48g,0g,1 order,173.79mg,4.96g,0g,12%,83%,5 & Diner,restaurant
5 & Diner®,0%,88.67,21.28g,0mg,0g,0.88g,40%,not found,"Cold Cereal, Corn Flakes",not found,1.77g,0g,1 order,177.34mg,1.77g,0g,9%,9%,5 & Diner,restaurant
5 & Diner®,0%,93.1,21.72g,0mg,0.77g,0.77g,19%,not found,"Cold Cereal, Froot Loops",not found,0.77g,0.38g,1 order,116.38mg,11.63g,0g,8%,19%,5 & Diner,restaurant
5 & Diner®,0%,96.1,22.42g,0mg,0g,0.8g,20%,not found,"Cold Cereal, Frosted Flakes",not found,0.8g,0g,1 order,120.13mg,9.61g,0g,8%,8%,5 & Diner,restaurant
5 & Diner®,0%,84.16,20.19g,0mg,0.42g,2.52g,38%,not found,"Cold Cereal, Frosted Mini Wheats",not found,2.52g,0g,1 order,2.1mg,5.04g,0g,0%,0%,5 & Diner,restaurant
5 & Diner®,0%,89,21.08g,0mg,0.46g,1.87g,12%,not found,"Cold Cereal, Raisin Bran",not found,1.4g,0g,1 order,98.37mg,9.36g,0g,5%,0%,5 & Diner,restaurant
5 & Diner®,0%,90.28,21.81g,0mg,0g,0g,38%,not found,"Cold Cereal, Rice Krispies",not found,1.5g,0g,1 order,240.75mg,2.25g,0g,8%,8%,5 & Diner,restaurant
5 & Diner®,0%,88.09,17.61g,0mg,0g,0.8g,36%,not found,"Cold Cereal, Special K",not found,5.6g,0g,1 order,176.19mg,3.2g,0g,12%,28%,5 & Diner,restaurant
5 & Diner®,0%,0,0g,0mg,0g,0g,0%,not found,Coleslaw,not found,0g,0g,1 order,0mg,0g,0g,0%,0%,5 & Diner,restaurant
5 & Diner®,110%,902.64,14.74g,984.49mg,76.31g,0.06g,18%,"with ham, Swiss cheese, sour cream and Hollandaise sauce",Cordon Bleu Omelette,not found,41.81g,34.65g,1 omelette,1138.74mg,11.04g,2.02g,55%,7%,5 & Diner,restaurant
5 & Diner®,36%,1034.98,65.34g,569.9mg,69.64g,6.63g,26%,"diced ham, mushrooms, onions and country potatoes topped with Swiss cheese and Hollandaise sauce",Cordon Bleu Skillet,not found,41.25g,31.66g,1 order,1572.67mg,10.93g,5.33g,41%,34%,5 & Diner,restaurant
5 & Diner®,0%,77,17.12g,0mg,1.06g,2.4g,3%,not found,Corn on the Cob,not found,2.9g,0.16g,1 medium ear,14mg,2.9g,0g,0%,10%,5 & Diner,restaurant
5 & Diner®,8%,446.03,15.21g,517.14mg,31.46g,2.46g,19%,not found,Corned Beef Hash and Egg Combo,not found,24.46g,10.03g,1 order,941.69mg,1.88g,1.01g,11%,0%,5 & Diner,restaurant
5 & Diner®,10%,120,5g,15mg,5g,0g,0%,not found,Cottage Cheese,not found,13g,3g,1 order,400mg,4g,0g,4%,2%,5 & Diner,restaurant
5 & Diner®,12%,939.65,89.3g,427.4mg,52.07g,1.8g,32%,not found,Country Breakfast,not found,29.26g,13.79g,1 order,2920.85mg,12.46g,13.89g,10%,0%,5 & Diner,restaurant
5 & Diner®,91%,880.24,11.63g,975.31mg,75.19g,0.25g,17%,"with crab, onions, cream cheese and Hollandaise sauce",Crab Omelette,not found,37.71g,33.2g,1 omelette,518.33mg,9.88g,2.02g,55%,6%,5 & Diner,restaurant
5 & Diner®,0%,165,42g,0mg,0g,0g,0%,not found,"Cranberry Juice Cocktail, 12 fl oz",not found,0g,0g,12 fl oz,0mg,33g,0g,6%,0%,5 & Diner,restaurant
5 & Diner®,0%,220,56g,0mg,0g,0g,0%,not found,"Cranberry Juice Cocktail, 16 fl oz",not found,0g,0g,16 fl oz,0mg,44g,0g,400%,0%,5 & Diner,restaurant
5 & Diner®,0%,101.33,1.01g,30.4mg,10.13g,0g,0%,not found,Cream Cheese,not found,2.02g,6.08g,1 order,91.2mg,1.01g,0g,6%,0%,5 & Diner,restaurant
5 & Diner®,2%,112.5,10.5g,9.38mg,6g,1.13g,8%,not found,"Cream of Broccoli Soup, 6 fl oz",not found,4.88g,1.88g,6 fl oz,622.5mg,5.63g,0g,0%,53%,5 & Diner,restaurant
5 & Diner®,21%,150,14g,12.5mg,8g,1.5g,2%,not found,"Cream of Broccoli Soup, 8 fl oz",not found,6.5g,2.5g,8 fl oz,830mg,7.5g,0g,13%,42%,5 & Diner,restaurant
5 & Diner®,10%,252,46g,35mg,7g,0g,0%,not found,Cream Soda Float,not found,3g,4.5g,1 float,99mg,43g,0g,4%,0%,5 & Diner,restaurant
5 & Diner®,0%,390,18g,0mg,36g,0g,0%,not found,Creamy French Dressing,not found,0g,4.5g,3 fl oz,810mg,18g,0g,0%,0%,5 & Diner,restaurant
5 & Diner®,97%,588.29,12.33g,890.81mg,46.57g,0.9g,18%,"with onions, green peppers, ham, cheddar cheese and sour cream",Denver Omelette,not found,34.77g,15.46g,1 omelette,801.65mg,7.74g,2.02g,34%,45%,5 & Diner,restaurant
5 & Diner®,0%,2,0.2g,0mg,0g,0g,0%,not found,"Diet Coke, 16 fl oz",not found,0g,0g,16 fl oz,56mg,0g,0g,0%,0%,5 & Diner,restaurant
5 & Diner®,0%,2.75,0.27g,0mg,0g,0g,0%,not found,"Diet Coke, 22 fl oz",not found,0g,0g,22 fl oz,77mg,0g,0g,0%,0%,5 & Diner,restaurant
5 & Diner®,83%,850.04,9.83g,441.3mg,53.99g,3.12g,17%,"Swiss and American cheeses, blue cheese, bacon, chicken, tomatoes and egg on a bed of salad greens",Diner Cobb Salad,not found,76.38g,27.59g,1 salad,1693.56mg,5.05g,0g,119%,44%,5 & Diner,restaurant
5 & Diner®,4%,423.84,22g,55mg,29.59g,1g,14%,not found,Diner Dog,not found,16g,10.01g,1 sandwich,1070mg,5g,1.01g,2%,0%,5 & Diner,restaurant
5 & Diner®,51%,708,9.1g,802.41mg,59.14g,1.08g,19%,not found,Diner Omelette,not found,37.87g,21.31g,1 omelette,749.59mg,4.02g,2.02g,37%,15%,5 & Diner,restaurant
5 & Diner®,12%,500.2,55.78g,81.21mg,28.9g,4.74g,5%,not found,Diner Waffle,not found,5.93g,17.21g,1 order,1154.06mg,13.05g,0g,20%,0%,5 & Diner,restaurant
5 & Diner®,44%,313.2,18.34g,60.8mg,20.53g,2.05g,8%,"a bed of greens (with your choice of dressing, listed separately)",Dinner Salad,not found,17.7g,10.15g,1 salad,560.67mg,3.23g,0g,67%,24%,5 & Diner,restaurant
5 & Diner®,3%,672.21,20.49g,182.41mg,36.48g,0g,18%,not found,Double Cut BBQ Pork Chop Dinner,not found,63.84g,15.2g,1 order,1523.45mg,18.91g,0g,0%,0%,5 & Diner,restaurant
5 & Diner®,18%,210.51,42.87g,12.5mg,2.5g,0g,12%,not found,"Egg Cream, Chocolate flavored",not found,5g,1.5g,1 egg cream,191.41mg,6.5g,0g,5%,2%,5 & Diner,restaurant
5 & Diner®,18%,205,44.5g,12.5mg,2.5g,0g,0%,not found,"Egg Cream, Vanilla flavored",not found,5g,1.5g,1 egg cream,85mg,44.5g,0g,5%,2%,5 & Diner,restaurant
5 & Diner®,22%,701.73,36.44g,562.57mg,45.45g,1.35g,23%,"two poached eggs on top of sliced ham and an English muffin, covered in creamy Hollandaise sauce",Eggs Benedict,not found,35.86g,24.12g,1 order,1864.89mg,10.01g,0g,40%,35%,5 & Diner,restaurant
5 & Diner®,44%,1352.68,75.24g,751.81mg,97.74g,6.3g,41%,not found,Eggs Maximilian with Chorizo,not found,47.11g,27.58g,1 order,2033.99mg,6.98g,5.04g,83%,132%,5 & Diner,restaurant
5 & Diner®,14%,672.21,77.55g,109.72mg,12.5g,1.08g,27%,"battered cod served with French fries, corn on the cob and a buttermilk biscuit",Fish and Chips,not found,56.2g,1.09g,1 order,1904.2mg,0.94g,0g,13%,6%,5 & Diner,restaurant
5 & Diner®,73%,820.59,56.91g,164.34mg,37.93g,5.16g,17%,not found,Fish Tacos,not found,57.94g,15.92g,1 order,1458.57mg,4.01g,0g,29%,17%,5 & Diner,restaurant
5 & Diner®,10%,473.84,56g,50mg,15.09g,3g,27%,"tender slices of roast beef served on a hoagie roll, with au jus",French Dip,not found,29g,5.01g,1 sandwich,1850mg,4g,1.01g,0%,0%,5 & Diner,restaurant
5 & Diner®,0%,648.83,92.21g,0mg,32.2g,8.01g,16%,not found,French Fries,not found,8.01g,5.01g,1 order,1389.71mg,0.04g,6g,4%,40%,5 & Diner,restaurant
5 & Diner®,6%,661.26,17.84g,157.99mg,38.73g,2.73g,31%,not found,French Onion Steak Dinner,not found,56.54g,13.89g,1 order,2406.28mg,2.6g,0g,21%,9%,5 & Diner,restaurant
5 & Diner®,27%,665.27,91.09g,362.4mg,24.05g,6.16g,33%,not found,French Toast,not found,23.69g,4.28g,1 order,854.9mg,33.48g,1.01g,9%,1%,5 & Diner,restaurant
5 & Diner®,29%,739.3,91.48g,574.4mg,29.02g,6.16g,38%,not found,French Toast Combo,not found,29.98g,5.83g,1 order,924.87mg,33.87g,1.01g,14%,1%,5 & Diner,restaurant
5 & Diner®,12%,683.9,74.71g,60mg,39.41g,2.27g,14%,not found,Fresh Baked Brownie Sundae,not found,14.08g,11.82g,1 order,228.09mg,40.79g,0g,4%,0%,5 & Diner,restaurant
5 & Diner®,18%,390.71,21.43g,162.14mg,21.73g,3.78g,2%,not found,Fried Chicken Dinner,not found,30.47g,6.76g,1 order,1630.7mg,1.5g,0g,9%,4%,5 & Diner,restaurant
5 & Diner®,32%,1014.82,58.18g,195.22mg,63.4g,3.5g,42%,Diner Burger served on a toasted bun smothered with sauteed mushrooms,Garlic Mushroom Burger,not found,53.38g,28.31g,1 sandwich,686.4mg,12.13g,2.44g,23%,18%,5 & Diner,restaurant
5 & Diner®,0%,210,6g,0mg,21g,0g,0%,not found,Golden Italian Dressing,not found,0g,3g,3 fl oz,930mg,6g,0g,0%,0%,5 & Diner,restaurant
5 & Diner®,10%,739.7,54.97g,199.92mg,52.97g,0.99g,6%,not found,Gourmet Cheesecake,not found,9.99g,29.98g,1 order,669.73mg,29.98g,3.49g,15%,0%,5 & Diner,restaurant
5 & Diner®,11%,797.85,68.81g,200mg,53.72g,4.07g,7%,not found,"Gourmet Cheesecake, Blueberry Topping",not found,10.47g,30.05g,1 order,671.47mg,39.59g,3.5g,16%,5%,5 & Diner,restaurant
5 & Diner®,10%,885.52,91.37g,200mg,53g,1g,18%,not found,"Gourmet Cheesecake, Chocolate Topping",not found,10g,30g,1 order,786.42mg,30g,3.5g,15%,0%,5 & Diner,restaurant
5 & Diner®,12%,861.61,85.8g,200mg,53g,2.62g,8%,not found,"Gourmet Cheesecake, Strawberry Topping",not found,10g,30g,1 order,670.01mg,58.37g,3.5g,15%,65%,5 & Diner,restaurant
5 & Diner®,10%,1033.11,130.43g,180mg,53g,7g,57%,not found,Gourmet Chocolate Cake,not found,12g,29g,1 order,526.48mg,56.94g,0g,25%,4%,5 & Diner,restaurant
5 & Diner®,20%,1173.11,146.43g,215mg,60g,7g,57%,chocolate cake with a scoop of vanilla ice cream,Gourmet Chocolate Cake a la Mode,not found,15g,33.5g,1 order,581.48mg,69.94g,0g,29%,4%,5 & Diner,restaurant
5 & Diner®,4%,760.01,82g,115mg,46g,3g,10%,not found,Grandmas Carrot Cake,not found,7g,17g,1 order,470mg,53g,0.5g,50%,2%,5 & Diner,restaurant
5 & Diner®,0%,152.72,37.09g,0mg,0g,0g,0%,not found,"Grapefruit Juice, 12 fl oz",not found,0g,0g,12 fl oz,54.54mg,37.09g,0g,0%,364%,5 & Diner,restaurant
5 & Diner®,0%,203.63,49.45g,0mg,0g,0g,0%,not found,"Grapefruit Juice, 16 fl oz",not found,0g,0g,16 fl oz,72.72mg,49.45g,0g,0%,291%,5 & Diner,restaurant
5 & Diner®,2%,658.02,8.25g,163.16mg,45.46g,0.36g,39%,"10 oz top sirloin charbroiled and topped with green pepeprcorn sauce and onion straws, served with rosemary red skin potatoes, steamed veggies and garlic toast",Green Peppercorn Steak,not found,50.89g,16.67g,1 order,1531.73mg,1.66g,0.72g,0%,2%,5 & Diner,restaurant
5 & Diner®,22%,283.84,19g,40mg,18.09g,1g,6%,not found,Grilled Cheese,not found,9g,7.01g,1 sandwich,770mg,2g,1.01g,8%,0%,5 & Diner,restaurant
5 & Diner®,12%,328.03,12.07g,310.74mg,8.32g,5.09g,20%,"seasoned chicken on a bed of salad, celery sticks, tomatoes, cucumbers, alfalfa sprouts and a hard-boiled egg",Grilled Chicken Breast Salad,not found,50.45g,2.31g,1 salad,226.12mg,6.07g,0g,100%,54%,5 & Diner,restaurant
5 & Diner®,22%,405.44,25.08g,90.66mg,22.14g,1g,10%,not found,Grilled Ham and Cheese Sandwich,not found,25.21g,9.03g,1 sandwich,2188.75mg,6.05g,1.01g,8%,0%,5 & Diner,restaurant
5 & Diner®,7%,817.21,17.04g,201.46mg,59.36g,1.19g,33%,100% ground beef served hot and juicy covered with a rich mushroom gravy,Ground Round Steak,not found,53.32g,21.79g,1 order,928.87mg,5.75g,3.49g,0%,8%,5 & Diner,restaurant
5 & Diner®,13%,1377.72,43.99g,302.36mg,96.86g,2.09g,50%,100% ground beef served hot and juicy covered with a rich mushroom gravy,Ground Round Steak Stack,not found,77.58g,34.55g,1 order,1794.01mg,7.27g,4.88g,3%,28%,5 & Diner,restaurant
5 & Diner®,35%,1061.58,64.61g,174.02mg,65.04g,3.96g,38%,"ground beef patty topped with Swiss cheese, bacon, guacamole and seasoned mayo on a toasted sesame seed bun",Guacamole Burger,not found,51.16g,24.2g,1 sandwich,1017.33mg,12.05g,2.44g,21%,13%,5 & Diner,restaurant
5 & Diner®,96%,616.46,11.11g,917.56mg,45.8g,0.02g,20%,"with ham, cheddar cheese and sour cream",Ham and Cheese Omelette,not found,45.66g,14.35g,1 omelette,1830.5mg,8.05g,2.02g,29%,1%,5 & Diner,restaurant
5 & Diner®,5%,303.04,5.34g,462mg,20.07g,0g,13%,not found,Ham and Egg Combo,not found,24.74g,5.63g,1 order,1204.06mg,3.82g,1.01g,10%,0%,5 & Diner,restaurant
5 & Diner®,9%,470.85,5.88g,759.86mg,34.14g,0g,20%,not found,Ham Omelette,not found,33.57g,8.81g,1 omelette,1302.41mg,4.36g,2.02g,17%,0%,5 & Diner,restaurant
5 & Diner®,8%,595.98,0.78g,531.37mg,47.27g,0g,27%,not found,Hamburger Patty and Egg Combo,not found,38.54g,15.71g,1 order,241.32mg,0.78g,2.87g,10%,0%,5 & Diner,restaurant
5 & Diner®,0%,453.33,5.33g,133.33mg,34.66g,0g,11%,not found,Hickory Smoked Ham,not found,32g,10.66g,1 order,2533.33mg,5.33g,0g,0%,0%,5 & Diner,restaurant
5 & Diner®,6%,526.2,70.6g,3.4mg,21.6g,1.8g,22%,not found,Homemade Biscuits (2),not found,12.2g,5.2g,1 order,1790.2mg,7.2g,8.4g,0%,0%,5 & Diner,restaurant
5 & Diner®,6%,135,30g,0mg,0g,0g,0%,not found,Honey Dijon Dressing,not found,3g,0g,3 fl oz,840mg,18g,0g,0%,0%,5 & Diner,restaurant
5 & Diner®,4%,120,23g,0mg,2.5g,1g,6%,not found,Hot Chocolate,not found,1g,2g,8 fl oz,170mg,17g,0g,0%,0%,5 & Diner,restaurant
5 & Diner®,29%,576.65,39.04g,101mg,25.21g,2g,30%,slices of juicy hot pastrami topped with monterey jack cheese served on thick sliced rye bread,Hot Pastrami Sandwich,not found,41.4g,8.05g,1 sandwich,2212.5mg,2g,1.01g,4%,0%,5 & Diner,restaurant
5 & Diner®,0%,0,0g,0mg,0g,0g,0%,not found,Hot Tea,not found,0g,0g,8 fl oz,0mg,0g,0g,0%,0%,5 & Diner,restaurant
5 & Diner®,9%,865.04,1.17g,714mg,80g,0g,19%,"three large eggs, two strips of bacon, two sausage links, potatoes and toast or biscuits",Hungry Man Breakfast,not found,31.07g,25.86g,1 order,809.2mg,1.17g,1.01g,16%,1%,5 & Diner,restaurant
5 & Diner®,10%,285.51,52.37g,35mg,7g,0g,12%,not found,"Ice Cream Soda, Chocolate flavored",not found,3g,4.5g,1 soda,171.41mg,13g,0g,4%,0%,5 & Diner,restaurant
5 & Diner®,10%,280,54g,35mg,7g,0g,0%,not found,"Ice Cream Soda, Vanilla flavored",not found,3g,4.5g,1 soda,65mg,51g,0g,4%,0%,5 & Diner,restaurant
5 & Diner®,22%,801.05,107.89g,70mg,35.41g,2.27g,5%,not found,"Ice Cream Sundae, Butterscotch",not found,15.08g,13.82g,1 sundae,322.51mg,77.46g,0g,8%,0%,5 & Diner,restaurant
5 & Diner®,22%,749.41,98.09g,70mg,35.41g,2.27g,22%,not found,"Ice Cream Sundae, Chocolate",not found,15.08g,13.82g,1 sundae,289.5mg,31.79g,0g,8%,0%,5 & Diner,restaurant
5 & Diner®,30%,828.09,91.04g,70mg,47.28g,2.27g,8%,not found,"Ice Cream Sundae, Hot Fudge",not found,17.05g,15.79g,1 order,273.26mg,65.44g,3.95g,8%,0%,5 & Diner,restaurant
5 & Diner®,23%,622.35,66.63g,70mg,35.41g,3.48g,6%,not found,"Ice Cream Sundae, Strawberry",not found,15.08g,13.82g,1 sundae,114.89mg,53.07g,0g,8%,49%,5 & Diner,restaurant
5 & Diner®,8%,140,17g,20mg,8g,1g,2%,not found,"Ice Cream, Chocolate",not found,3g,4.5g,1 order,30mg,16g,0g,4%,0%,5 & Diner,restaurant
5 & Diner®,8%,120,15g,15mg,6g,0g,0%,not found,"Ice Cream, Strawberry",not found,2g,3.5g,1 order,30mg,15g,0g,4%,10%,5 & Diner,restaurant
5 & Diner®,10%,140,16g,35mg,7g,0g,0%,not found,"Ice Cream, Vanilla",not found,3g,4.5g,1 order,55mg,13g,0g,4%,0%,5 & Diner,restaurant
5 & Diner®,0%,0,0g,0mg,0g,0g,0%,not found,"Iced Tea, 16 fl oz",not found,0g,0g,16 fl oz,0mg,0g,0g,0%,0%,5 & Diner,restaurant
5 & Diner®,0%,0,0g,0mg,0g,0g,0%,not found,"Iced Tea, 22 fl oz",not found,0g,0g,22 fl oz,0mg,0g,0g,0%,0%,5 & Diner,restaurant
5 & Diner®,20%,100,19g,0mg,2g,3g,45%,not found,Instant Oatmeal,not found,4g,0g,1 order,83.75mg,0g,0g,20%,0%,5 & Diner,restaurant
5 & Diner®,0%,71.25,9g,7.5mg,2.25g,0.38g,13%,not found,"Italian Style Wedding Soup, 6 fl oz",not found,3.38g,0.94g,6 fl oz,575.63mg,0.75g,0g,0%,5%,5 & Diner,restaurant
5 & Diner®,4%,95,12g,10mg,3g,0.5g,3%,not found,"Italian Style Wedding Soup, 8 fl oz",not found,4.5g,1.25g,8 fl oz,767.5mg,1g,0g,20%,4%,5 & Diner,restaurant
5 & Diner®,17%,303.1,36.85g,12.85mg,13.67g,2.57g,3%,not found,Jalapeno Poppers,not found,8.57g,5.5g,1 order,1165.71mg,3.42g,0.85g,5%,2%,5 & Diner,restaurant
5 & Diner®,32%,1186.44,60.68g,588.75mg,77.95g,8.02g,54%,"charbroiled ground beef, mushrooms, onions, spinach and country potatoes topped with parmesan cheese and sour cream",Joe's Special Skillet,not found,62.12g,27.47g,1 order,802.5mg,5.29g,7.77g,122%,60%,5 & Diner,restaurant
5 & Diner®,28%,533.84,38g,90mg,24.09g,2g,24%,"tender slices of roast beef, grilled with American cheese and green chili, served on grilled rye bread",La Bamba Melt,not found,32g,10.01g,1 sandwich,2340mg,2g,1.01g,8%,15%,5 & Diner,restaurant
5 & Diner®,0%,194,52g,0mg,0g,0g,0%,not found,"Lemonade, 16 fl oz",not found,0g,0g,16 fl oz,82mg,52g,0g,0%,0%,5 & Diner,restaurant
5 & Diner®,0%,266.75,71.5g,0mg,0g,0g,0%,not found,"Lemonade, 22 fl oz",not found,0g,0g,22 fl oz,112.75mg,71.5g,0g,0%,0%,5 & Diner,restaurant
5 & Diner®,7%,945.34,0.78g,521.5mg,90.53g,0g,16%,not found,Link Sausage and Eggs Combo,not found,27.58g,29.61g,1 order,845mg,0.78g,1.01g,11%,1%,5 & Diner,restaurant
5 & Diner®,28%,1015.73,60.76g,77.21mg,76.41g,6.84g,19%,not found,Loaded Baked Potato,not found,19.75g,26.4g,1 baked potato,897.11mg,5.21g,10.13g,79%,90%,5 & Diner,restaurant
5 & Diner®,51%,616.42,54.79g,51.36mg,32.53g,3.42g,7%,served hot and cheesey,Macaroni and Cheese Dinner,not found,25.68g,11.98g,1 order,2260.21mg,15.41g,0g,0%,0%,5 & Diner,restaurant
5 & Diner®,44%,765.72,118.16g,92.88mg,24.46g,0g,12%,not found,"Malt, Black and White flavored",not found,15.15g,15.8g,1 malt,560.22mg,62.18g,0g,12%,2%,5 & Diner,restaurant
5 & Diner®,44%,800.14,124.69g,92.88mg,24.46g,0g,0%,not found,"Malt, Butterscotch flavored",not found,15.15g,15.8g,1 malt,582.22mg,92.63g,0g,12%,2%,5 & Diner,restaurant
5 & Diner®,49%,652.71,87.04g,69.13mg,27.71g,2g,4%,not found,"Malt, Chocolate flavored",not found,17.65g,16.55g,1 malt,431.31mg,71.43g,0g,14%,3%,5 & Diner,restaurant
5 & Diner®,31%,644.21,95.1g,83.51mg,22.59g,0g,6%,not found,"Malt, Mocha flavored",not found,11.4g,14.68g,1 malt,445.76mg,57.31g,0g,8%,0%,5 & Diner,restaurant
5 & Diner®,53%,1199.19,164.91g,99.13mg,46.72g,4.2g,34%,not found,"Malt, Oreo Cookie flavored",not found,21.85g,22.85g,1 malt,1111.86mg,111.67g,0g,14%,3%,5 & Diner,restaurant
5 & Diner®,38%,1381.81,131.21g,83.51mg,79.71g,10.01g,9%,not found,"Malt, Peanut Butter Banana flavored",not found,33.91g,27.21g,1 malt,849.48mg,85.36g,0g,8%,16%,5 & Diner,restaurant
5 & Diner®,21%,494.21,86.53g,48.51mg,12.4g,0g,0%,not found,"Malt, Root Beer flavored",not found,8.4g,7.2g,1 malt,373.23mg,70.02g,0g,4%,0%,5 & Diner,restaurant
5 & Diner®,49%,612.71,83.04g,59.13mg,23.71g,0g,0%,not found,"Malt, Strawberry flavored",not found,15.65g,14.55g,1 malt,431.31mg,69.43g,0g,14%,23%,5 & Diner,restaurant
5 & Diner®,53%,652.71,85.04g,99.13mg,25.71g,0g,0%,not found,"Malt, Vanilla flavored",not found,17.65g,16.55g,1 malt,481.31mg,65.43g,0g,14%,3%,5 & Diner,restaurant
5 & Diner®,0%,220,55g,0mg,0g,0g,0%,not found,Maple Syrup,not found,0g,0g,2 fl oz,65mg,55g,0g,0%,0%,5 & Diner,restaurant
5 & Diner®,0%,60,10g,0mg,1.5g,3g,4%,not found,Marinara Sauce,not found,2g,0g,4 fl oz,450mg,6g,0g,10%,20%,5 & Diner,restaurant
5 & Diner®,3%,129.71,17.02g,8.1mg,4.86g,0.81g,3%,not found,Mashed Potatoes,not found,2.43g,1.21g,1 order,470.21mg,1.62g,0g,2%,16%,5 & Diner,restaurant
5 & Diner®,3%,159.26,21.74g,8.1mg,6.04g,0.81g,3%,not found,Mashed Potatoes with Gravy,not found,3.61g,1.21g,1 order,837.97mg,2.8g,0g,2%,16%,5 & Diner,restaurant
5 & Diner®,0%,100,1g,5mg,11g,0g,0%,not found,Mayonnaise,not found,0g,2g,1 tbsp,75mg,1g,0g,0%,0%,5 & Diner,restaurant
5 & Diner®,11%,609.98,64.25g,127.2mg,27.99g,2.86g,28%,"homemade meat loaf served with vegetable, creamy mashed potatoes and covered with rich brown gravy",Meat Loaf Sandwich,not found,28.45g,8.79g,1 sandwich,1472.21mg,23.98g,1.32g,19%,5%,5 & Diner,restaurant
5 & Diner®,16%,832.18,53.96g,497.8mg,54.98g,5.72g,24%,"sliced bacon, ham, sausage, onions and country potatoes topped with cheddar cheese and sour cream",Meat Lovers Skillet,not found,32.14g,20.21g,1 order,1149.92mg,3.55g,4g,19%,31%,5 & Diner,restaurant
5 & Diner®,86%,495.01,9.57g,859.62mg,39.98g,0.91g,18%,"with artichoke hearts, tomatoes, onions, feta cheese and sour cream",Mediterranean Omelette,not found,26.81g,12.05g,1 omelette,469.5mg,6.72g,2.02g,35%,15%,5 & Diner,restaurant
5 & Diner®,11%,613.09,54.36g,443.62mg,35.78g,6.21g,23%,"marinated artichoke hearts, tomatoes, onions and feta cheese mixed with country potatoes, topped with sour cream and diced tomatoes",Mediterranean Skillet,not found,20.7g,11.13g,1 order,577.32mg,3.45g,5.33g,20%,36%,5 & Diner,restaurant
5 & Diner®,14%,486.24,3.6g,762.39mg,33.93g,0.48g,30%,not found,Mexican Machaca Omelette,not found,40.6g,8.64g,1 omelette,759.43mg,1.66g,2.02g,18%,10%,5 & Diner,restaurant
5 & Diner®,52%,819.13,87.19g,85.62mg,44.77g,7.05g,17%,not found,"Milk Shake, Almond Coconut flavored",not found,19.75g,21.87g,1 milkshake,282.18mg,51.33g,0g,14%,3%,5 & Diner,restaurant
5 & Diner®,33%,522.51,77.63g,79.37mg,19.06g,0g,12%,not found,"Milk Shake, Black and White flavored",not found,9.75g,13.1g,1 milkshake,289.99mg,35.16g,0g,12%,2%,5 & Diner,restaurant
5 & Diner®,42%,507.07,55.58g,91.87mg,25.87g,0.28g,2%,not found,"Milk Shake, Brownie flavored",not found,13.58g,15.71g,1 milkshake,277.11mg,44.81g,0g,14%,3%,5 & Diner,restaurant
5 & Diner®,38%,812.71,116.09g,55.62mg,35.15g,2g,10%,not found,"Milk Shake, Butterfinger Chocolate flavored",not found,15.91g,21.19g,1 milkshake,384.5mg,77.45g,0g,14%,3%,5 & Diner,restaurant
5 & Diner®,42%,812.71,114.09g,85.62mg,33.15g,0g,6%,not found,"Milk Shake, Butterfinger Vanilla flavored",not found,15.91g,21.19g,1 milkshake,434.5mg,71.45g,0g,14%,3%,5 & Diner,restaurant
5 & Diner®,33%,556.93,84.16g,79.37mg,19.06g,0g,0%,not found,"Milk Shake, Butterscotch flavored",not found,9.75g,13.1g,1 milkshake,311.99mg,65.61g,0g,12%,2%,5 & Diner,restaurant
5 & Diner®,38%,603.33,94.91g,82.5mg,19.69g,0g,16%,not found,"Milk Shake, Chocolate Cherry Valentine flavored",not found,11g,13.48g,1 milkshake,352.39mg,38.79g,0g,13%,2%,5 & Diner,restaurant
5 & Diner®,38%,409.5,46.51g,55.62mg,22.31g,2g,4%,not found,"Milk Shake, Chocolate flavored",not found,12.25g,13.85g,1 milkshake,161.08mg,44.41g,0g,14%,3%,5 & Diner,restaurant
5 & Diner®,42%,437.9,52.3g,85.62mg,20.31g,0.91g,1%,not found,"Milk Shake, Cinnamon Apple flavored",not found,12.25g,13.85g,1 milkshake,234.27mg,44.42g,0g,14%,3%,5 & Diner,restaurant
5 & Diner®,42%,1132.25,134.94g,85.62mg,61.56g,0g,6%,not found,"Milk Shake, English Toffee flavored",not found,12.25g,34.47g,1 milkshake,723.03mg,110.66g,0g,14%,3%,5 & Diner,restaurant
5 & Diner®,20%,401,54.57g,70mg,17.19g,0g,6%,not found,"Milk Shake, Mocha flavored",not found,6g,11.98g,1 milkshake,175.53mg,30.29g,0g,8%,0%,5 & Diner,restaurant
5 & Diner®,21%,415.37,51.24g,70mg,20.39g,0.19g,0%,not found,"Milk Shake, Orange Cream flavored",not found,6.07g,14.97g,1 order,132.17mg,43.34g,0g,8%,57%,5 & Diner,restaurant
5 & Diner®,42%,955.98,124.38g,85.62mg,41.32g,4.2g,34%,not found,"Milk Shake, Oreo Cookie flavored",not found,16.45g,20.15g,1 milkshake,841.63mg,84.65g,0g,14%,3%,5 & Diner,restaurant
5 & Diner®,28%,1138.6,90.68g,70mg,74.31g,10.01g,9%,not found,"Milk Shake, Peanut Butter Banana flavored",not found,28.51g,24.51g,1 milkshake,579.25mg,58.34g,0g,8%,16%,5 & Diner,restaurant
5 & Diner®,42%,687.25,113.3g,85.62mg,21.37g,0g,0%,not found,"Milk Shake, Peppermint Candy Cane flavored",not found,12.25g,14.85g,1 milkshake,213.53mg,92.17g,0g,14%,3%,5 & Diner,restaurant
5 & Diner®,44%,791.43,70.3g,85.62mg,52.46g,7.31g,5%,not found,"Milk Shake, Pineapple Macadamia flavored",not found,15.85g,24.41g,1 milkshake,220.64mg,53.4g,0g,14%,8%,5 & Diner,restaurant
5 & Diner®,44%,509.75,58.23g,107.14mg,24.64g,0.8g,3%,not found,"Milk Shake, Pumpkin Pie flavored",not found,13.81g,14.82g,1 milkshake,348.08mg,44.23g,0g,61%,3%,5 & Diner,restaurant
5 & Diner®,48%,889.36,102.39g,93.06mg,44.14g,0g,6%,not found,"Milk Shake, Reese's Peanut Butter Cup flavored",not found,21.18g,13.85g,1 milkshake,507.63mg,72.16g,0g,14%,3%,5 & Diner,restaurant
5 & Diner®,10%,251,46g,35mg,7g,0g,0%,not found,"Milk Shake, Root Beer flavored",not found,3g,4.5g,1 milkshake,103mg,43g,0g,4%,0%,5 & Diner,restaurant
5 & Diner®,42%,776.95,93.73g,85.62mg,39.18g,0g,5%,not found,"Milk Shake, Shamrock flavored",not found,14.94g,25.97g,1 milkshake,413.5mg,66.06g,4.03g,14%,3%,5 & Diner,restaurant
5 & Diner®,38%,369.5,42.51g,45.62mg,18.31g,0g,0%,not found,"Milk Shake, Strawberry flavored",not found,10.25g,11.85g,1 milkshake,161.08mg,42.41g,0g,14%,23%,5 & Diner,restaurant
5 & Diner®,42%,409.5,44.51g,85.62mg,20.31g,0g,0%,not found,"Milk Shake, Vanilla flavored",not found,12.25g,13.85g,1 milkshake,211.08mg,38.41g,0g,14%,3%,5 & Diner,restaurant
5 & Diner®,5%,225,18g,52.5mg,12g,0g,0%,not found,"Milk, 12 fl oz",not found,12g,7.5g,12 fl oz,180mg,16.5g,0g,0%,10%,5 & Diner,restaurant
5 & Diner®,5%,195,19.5g,37.5mg,7.5g,0g,0%,not found,"Milk, 12 fl oz",not found,15g,4.5g,12 fl oz,225mg,19.5g,0g,0%,10%,5 & Diner,restaurant
5 & Diner®,70%,260,26g,50mg,10g,0g,0%,not found,"Milk, 16 fl oz",not found,20g,6g,16 fl oz,300mg,26g,0g,20%,8%,5 & Diner,restaurant
5 & Diner®,60%,300,24g,70mg,16g,0g,0%,not found,"Milk, 16 fl oz",not found,16g,10g,16 fl oz,240mg,22g,0g,12%,8%,5 & Diner,restaurant
5 & Diner®,0%,194,52g,0mg,0g,0g,0%,not found,"Mr. Pibb, 16 fl oz",not found,0g,0g,16 fl oz,56mg,52g,0g,0%,0%,5 & Diner,restaurant
5 & Diner®,0%,266.75,71.5g,0mg,0g,0g,0%,not found,"Mr. Pibb, 22 fl oz",not found,0g,0g,22 fl oz,77mg,71.5g,0g,0%,0%,5 & Diner,restaurant
5 & Diner®,5%,686.83,32.06g,155.35mg,41.29g,2.79g,32%,tender roast beef smothered in gravy with creamy mashed potatoes,Mrs. Cleaver's Pot Roast,not found,46.52g,13.89g,1 order,1850.66mg,6.73g,0g,40%,6%,5 & Diner,restaurant
5 & Diner®,9%,397.89,4.11g,721.86mg,31.39g,0.85g,20%,not found,Mushroom Omelette,not found,24.03g,7.33g,1 omelette,243.21mg,2.73g,2.02g,17%,3%,5 & Diner,restaurant
5 & Diner®,27%,968.32,47.93g,144.19mg,63.48g,2.86g,37%,"hot slices of corned beef topped with monterey jack cheese, homemade coleslaw, and 1000 Island dressing on a bun",New Yorker Sandwich,not found,39.09g,19.91g,1 sandwich,2122.27mg,12g,1.01g,10%,20%,5 & Diner,restaurant
5 & Diner®,0%,687.68,124g,0mg,14.18g,8g,8%,not found,"Onion Rings, Full Order",not found,12g,1.01g,1 order,1160mg,24g,0g,4%,0%,5 & Diner,restaurant
5 & Diner®,0%,343.84,62g,0mg,7.09g,4g,4%,not found,"Onion Rings, Half Order",not found,6g,0.5g,1 order,580mg,12g,0g,2%,0%,5 & Diner,restaurant
5 & Diner®,0%,165,40.5g,0mg,0g,0g,0%,not found,"Orange Juice, 12 fl oz",not found,0g,0g,12 fl oz,22.5mg,36g,0g,0%,250%,5 & Diner,restaurant
5 & Diner®,4%,220,54g,0mg,0g,0g,0%,not found,"Orange Juice, 16 fl oz",not found,0g,0g,16 fl oz,30mg,48g,0g,0%,200%,5 & Diner,restaurant
5 & Diner®,0%,165.36,42.12g,0mg,0g,0g,0%,not found,Orange Marmalade Dipping Sauce,not found,0g,0g,2 oz,37.52mg,31.52g,0g,0%,1%,5 & Diner,restaurant
5 & Diner®,0%,247.67,32.89g,0mg,12g,0g,1%,not found,Oriental Dressing,not found,0.96g,1.33g,3 fl oz,1481mg,24.01g,0g,0%,0%,5 & Diner,restaurant
5 & Diner®,24%,595.27,107.14g,29.76mg,8.92g,0g,36%,not found,Pancake Combo,not found,11.9g,0g,1 order,1789.92mg,23.81g,0g,0%,0%,5 & Diner,restaurant
5 & Diner®,21%,608.69,72.21g,443.84mg,22.98g,0g,34%,not found,Pancake Sandwich,not found,20.51g,4.11g,1 order,1333.28mg,16.65g,1.01g,10%,0%,5 & Diner,restaurant
5 & Diner®,101%,670.34,7.95g,889.69mg,56.83g,0.61g,18%,"with bacon, mushrooms, chives, Swiss cheese and sour cream",Parisian Omelette,not found,35.06g,19.19g,1 omelette,528.85mg,5.48g,2.02g,39%,14%,5 & Diner,restaurant
5 & Diner®,34%,958.78,47.47g,181.02mg,59.93g,3.26g,35%,"ground beef patty, melted American cheese and sauteed onions on grilled rye",Patty Melt,not found,47.1g,22.24g,1 sandwich,1073.07mg,6.91g,3.45g,8%,13%,5 & Diner,restaurant
5 & Diner®,29%,1085.32,116.97g,29.76mg,59.97g,6.83g,46%,not found,Pecan Pancakes,not found,18.4g,4.38g,1 order,1789.92mg,26.62g,0g,1%,1%,5 & Diner,restaurant
5 & Diner®,17%,990.25,65.61g,81.21mg,79.95g,11.57g,15%,not found,Pecan Waffle,not found,12.43g,21.59g,1 order,1154.06mg,15.86g,0g,21%,1%,5 & Diner,restaurant
5 & Diner®,52%,832.1,71.01g,124.93mg,43.04g,5.2g,28%,"grilled with onions, sweet bell peppers, and Swiss cheese served on a hoagie roll",Philly Steak Sandwich,not found,42.47g,18.05g,1 sandwich,1029.5mg,9.89g,1.01g,52%,231%,5 & Diner,restaurant
5 & Diner®,9%,379.65,1.32g,721.86mg,31.1g,0g,17%,not found,Plain Omelette,not found,21.41g,7.29g,1 omelette,238.35mg,1.32g,2.02g,17%,0%,5 & Diner,restaurant
5 & Diner®,19%,510.33,68.67g,172.38mg,10.72g,3.27g,34%,"golden fried shrimp dusted with cajun seasoning with lettuce, tomato and tartar sauce served on a sourdough baguette",Po Boy Shrimp Sandwich,not found,33.67g,1.7g,1 sandwich,1118.92mg,4.35g,0g,8%,5%,5 & Diner,restaurant
5 & Diner®,10%,610.88,79.18g,44.32mg,19.22g,2.48g,26%,tender breaded pork cutlet served on a toasted bun,Pork Cutlet Sandwich,not found,24.27g,4.01g,1 sandwich,1182.76mg,9.46g,0g,8%,9%,5 & Diner,restaurant
5 & Diner®,97%,706.32,12.93g,923.6mg,56.83g,0.78g,19%,"with bacon, ham, sausage, onions, tomatoes, cheddar cheese and sour cream",Porker Omelette,not found,39.95g,21.92g,1 omelette,1091.66mg,7.97g,0g,35%,13%,5 & Diner,restaurant
5 & Diner®,2%,131.25,15.38g,13.13mg,4.88g,0.75g,4%,not found,"Potato Cheese Soup, 6 fl oz",not found,7.13g,2.25g,6 fl oz,761.25mg,6g,0g,0%,9%,5 & Diner,restaurant
5 & Diner®,22%,175,20.5g,17.5mg,6.5g,1g,1%,not found,"Potato Cheese Soup, 8 fl oz",not found,9.5g,3g,8 fl oz,1015mg,8g,0g,6%,7%,5 & Diner,restaurant
5 & Diner®,9%,428.4,61.2g,84.15mg,16.83g,3.06g,12%,not found,Pumpkin Pie,not found,6.12g,3.82g,1 order,535.5mg,30.6g,0g,184%,3%,5 & Diner,restaurant
5 & Diner®,19%,560.84,76.12g,117.66mg,23.53g,3g,12%,pumpkin pie with a scoop of vanilla ice cream,Pumpkin Pie a la Mode,not found,9.01g,8.25g,1 order,581.05mg,43.06g,0g,184%,3%,5 & Diner,restaurant
5 & Diner®,14%,224.18,6.31g,67.14mg,19.69g,0.49g,1%,(for dipping Southwestern Egg Rolls),Queso Sauce,not found,5.08g,11.8g,1 order,201.41mg,2.62g,0g,18%,10%,5 & Diner,restaurant
5 & Diner®,6%,325.96,6.33g,17.81mg,33.47g,0.12g,0%,not found,Ranch Dressing,not found,2.14g,6.28g,3 fl oz,548.91mg,5.49g,0g,2%,0%,5 & Diner,restaurant
5 & Diner®,0%,150,33g,0mg,0g,3g,0%,not found,"Ranch Dressing, Fat Free",not found,0g,0g,3 fl oz,1050mg,6g,0g,0%,0%,5 & Diner,restaurant
5 & Diner®,0%,217.31,4.22g,11.88mg,22.32g,0.08g,0%,not found,"Ranch Dressing, For Appetizers (2 oz)",not found,1.43g,4.19g,2 fl oz,365.95mg,3.66g,0g,0%,0%,5 & Diner,restaurant
5 & Diner®,8%,434.61,8.44g,23.75mg,44.63g,0.16g,0%,not found,"Ranch Dressing, For Appetizers (4 oz)",not found,2.85g,8.37g,4 fl oz,731.89mg,7.32g,0g,3%,0%,5 & Diner,restaurant
5 & Diner®,0%,84.71,19.06g,0mg,0g,0g,0%,not found,Raspberry Vinaigrette Dressing,not found,0g,0g,3 fl oz,804.8mg,19.06g,0g,0%,0%,5 & Diner,restaurant
5 & Diner®,31%,671.91,48.61g,84.58mg,33.63g,5.78g,24%,"sliced of fresh corned beef topped with a sauerkraut, melted Swiss cheese and 1000 Island dressing on thick sliced grilled rye",Reuben,not found,32.75g,10.13g,1 sandwich,3299.16mg,8.33g,1.01g,5%,15%,5 & Diner,restaurant
5 & Diner®,4%,299.11,32.45g,50mg,8.36g,1g,20%,"served with vegetables, creamy mashed potatoes and covered with rich gravy",Roast Beef Sandwich,not found,26.36g,3g,1 sandwich,2285.52mg,3.36g,0g,0%,0%,5 & Diner,restaurant
5 & Diner®,0%,172.5,18.75g,37.5mg,10.5g,1.5g,17%,not found,"Roasted Butternut Squash Soup, 6 fl oz",not found,2.25g,6.75g,6 fl oz,465mg,7.5g,0g,1%,10%,5 & Diner,restaurant
5 & Diner®,4%,230,25g,50mg,14g,2g,4%,not found,"Roasted Butternut Squash Soup, 8 fl oz",not found,3g,9g,8 fl oz,620mg,10g,0g,80%,8%,5 & Diner,restaurant
5 & Diner®,1%,150,18g,22.5mg,8.25g,2.25g,25%,not found,"Roasted Corn Chowder with Poblano Chiles, 6 fl oz",not found,3g,4.5g,6 fl oz,697.5mg,4.5g,0g,0%,25%,5 & Diner,restaurant
5 & Diner®,8%,200,24g,30mg,11g,3g,6%,not found,"Roasted Corn Chowder with Poblano Chiles, 8 fl oz",not found,4g,6g,8 fl oz,930mg,6g,0g,15%,20%,5 & Diner,restaurant
5 & Diner®,1%,195,12g,56.25mg,15g,1.5g,8%,not found,"Roasted Garlic Tomato Soup, 6 fl oz",not found,3g,9.75g,6 fl oz,705mg,7.5g,0.38g,1%,13%,5 & Diner,restaurant
5 & Diner®,10%,260,16g,75mg,20g,2g,2%,not found,"Roasted Garlic Tomato Soup, 8 fl oz",not found,4g,13g,8 fl oz,940mg,10g,0.5g,35%,10%,5 & Diner,restaurant
5 & Diner®,10%,251,46g,35mg,7g,0g,0%,not found,Root Beer Float,not found,3g,4.5g,1 float,103mg,43g,0g,4%,0%,5 & Diner,restaurant
5 & Diner®,0%,222,60g,0mg,0g,0g,0%,not found,"Root Beer, 16 fl oz",not found,0g,0g,16 fl oz,48mg,60g,0g,0%,0%,5 & Diner,restaurant
5 & Diner®,0%,305.25,82.5g,0mg,0g,0g,0%,not found,"Root Beer, 22 fl oz",not found,0g,0g,22 fl oz,66mg,82.5g,0g,0%,0%,5 & Diner,restaurant
5 & Diner®,3%,30.39,5.45g,0mg,0.08g,1.38g,3%,not found,Salsa,not found,1.8g,0g,2 fl oz,398.38mg,3.56g,0g,17%,32%,5 & Diner,restaurant
5 & Diner®,10%,1113.15,1.32g,819.36mg,104.6g,0g,23%,not found,Sausage Omelette,not found,36.41g,32.79g,1 omelette,943.35mg,1.32g,2.02g,18%,1%,5 & Diner,restaurant
5 & Diner®,0%,85.12,3.72g,0mg,7.47g,1.13g,3%,not found,Sauteed Mushrooms,not found,3.5g,1.07g,1 order,6.48mg,1.88g,0g,0%,4%,5 & Diner,restaurant
5 & Diner®,0%,100.57,1.12g,5mg,11g,0.03g,0%,not found,Seasoned Mayonnaise,not found,0.02g,2g,1 tbsp,144.51mg,1.01g,0g,0%,0%,5 & Diner,restaurant
5 & Diner®,3%,449.52,26.41g,212mg,33.33g,0g,9%,"one egg served with hash browns or cottage cheese, bacon or sausage and toast or biscuit",Senior Early Riser,not found,10.29g,5.59g,1 order,90.02mg,0.39g,4.04g,5%,30%,5 & Diner,restaurant
5 & Diner®,8%,245.79,18.52g,40mg,11.94g,1.08g,8%,two delicious golden fried fish fillets served with choice of mashed potatoes and gravy or french fries,Senior Fish Dinner,not found,14.75g,2.35g,1 order,629.28mg,1.5g,0g,10%,4%,5 & Diner,restaurant
5 & Diner®,2%,323.47,3.89g,98.74mg,15.73g,0g,7%,"marinated boneless skinless grilled breast of chicken, choice of fries or mashed potato with gravy",Senior Grilled Chicken Dinner,not found,39.31g,2.5g,1 order,713.86mg,3.89g,0g,1%,3%,5 & Diner,restaurant
5 & Diner®,28%,545.44,52.08g,90.66mg,25.14g,2g,20%,not found,Senior Grilled Ham and Cheese Sandwich,not found,30.21g,9.03g,1 sandwich,2478.75mg,6.05g,1.01g,8%,0%,5 & Diner,restaurant
5 & Diner®,28%,426.6,44.1g,70.66mg,13.1g,2.3g,16%,not found,Senior Ham and Swiss Sandwich on Rye Bread,not found,28.46g,6.03g,1 sandwich,1850.75mg,6.72g,0g,8%,5%,5 & Diner,restaurant
5 & Diner®,4%,612.01,20.29g,623.75mg,36.72g,1.26g,63%,"beef liver topped with succulent grilled onions, served with choice of fries or mashed potatoes and gravy",Senior Liver and Onions,not found,47.18g,6.83g,1 order,156.5mg,4.91g,4.43g,767%,18%,5 & Diner,restaurant
5 & Diner®,12%,867.21,59.6g,254.44mg,49.61g,3.5g,38%,homemade baked meatloaf with choice of brown gravy and mashed potatoes or french fries,Senior Meatloaf Dinner,not found,46.34g,17.59g,1 order,1547.26mg,31.75g,2.65g,35%,10%,5 & Diner,restaurant
5 & Diner®,48%,630.76,7.98g,555.04mg,52.83g,1.08g,13%,"two-egg omelette with sauteed onions, bacon, tomatoes, and cheddar cheese with hash browns and choice of bread",Senior Omelette,not found,31.4g,18.88g,1 omelette,656.63mg,3.58g,2.02g,33%,15%,5 & Diner,restaurant
5 & Diner®,16%,396.85,71.43g,19.84mg,5.95g,0g,24%,"two pancakes, two large eggs and two strips of bacon",Senior Pancake Breakfast,not found,7.93g,0g,1 order,1193.28mg,15.87g,0g,0%,0%,5 & Diner,restaurant
5 & Diner®,12%,385,49.02g,50mg,9.05g,4.3g,28%,not found,Senior Roast Beef Sandwich on Multigrain Bread,not found,28.25g,3.01g,1 sandwich,1782mg,10.67g,0g,4%,5%,5 & Diner,restaurant
5 & Diner®,8%,417,47.22g,61.5mg,11.55g,2.3g,17%,not found,Senior Sliced Turkey Sandwich on Sourdough Bread,not found,34.95g,2.01g,1 sandwich,1746mg,2.87g,0g,4%,5%,5 & Diner,restaurant
5 & Diner®,6%,250.1,27.89g,40.6mg,14.45g,2.37g,2%,"half of a golden brown Belgium waffle served with one egg, two strips of bacon or two sausage links",Senior Waffle,not found,2.96g,8.6g,1 order,577.03mg,6.52g,0g,10%,0%,5 & Diner,restaurant
5 & Diner®,16%,396.85,71.43g,19.84mg,5.95g,0g,24%,not found,"Short Stack, Two Pancakes",not found,7.93g,0g,1 order,1193.28mg,15.87g,0g,0%,0%,5 & Diner,restaurant
5 & Diner®,5%,321.98,43.05g,121.6mg,7.49g,1.08g,5%,lightly breaded gulf shrimp on a bed of lettuce served with homemade cocktail sauce,Shrimp Dinner,not found,21.82g,0.53g,1 order,868.63mg,6.36g,0g,11%,4%,5 & Diner,restaurant
5 & Diner®,0%,180.4,0g,26mg,18g,0g,1%,not found,Side of Bacon,not found,4.4g,6.4g,1 order,258.4mg,0g,0g,0%,1%,5 & Diner,restaurant
5 & Diner®,6%,526.2,70.6g,3.4mg,21.6g,1.8g,22%,not found,Side of Biscuits,not found,12.2g,5.2g,1 order,1790.2mg,7.2g,8.4g,0%,0%,5 & Diner,restaurant
5 & Diner®,2%,388.52,33.9g,49.42mg,17.31g,0.54g,15%,not found,Side of Chicken Fried Steak,not found,23.56g,4.73g,1 order,1133.41mg,2.47g,2.24g,0%,0%,5 & Diner,restaurant
5 & Diner®,3%,585.88,7.66g,115.81mg,56.46g,3.52g,12%,spicy Mexican sausage,Side of Chorizo,not found,17.02g,18.38g,1 order,1200.16mg,1.93g,1.01g,57%,67%,5 & Diner,restaurant
5 & Diner®,0%,91.2,4.56g,38mg,3.04g,0g,3%,not found,Side of Ham,not found,12.16g,1.52g,1 order,1064.06mg,3.04g,0g,0%,0%,5 & Diner,restaurant
5 & Diner®,0%,207.79,17.35g,0mg,14.18g,0g,3%,not found,Side of Hash Browns,not found,2.67g,2.02g,1 order,13.35mg,0g,2.02g,0%,20%,5 & Diner,restaurant
5 & Diner®,2%,978,0g,130mg,98g,0g,7%,not found,Side of Link Sausage,not found,20g,34g,1 order,940mg,0g,0g,2%,1%,5 & Diner,restaurant
5 & Diner®,5%,170.43,2.28g,40.53mg,9.92g,0.48g,12%,shredded seasoned beef,Side of Machaca Beef,not found,19.19g,2.36g,1 order,521.08mg,0.34g,1.01g,1%,10%,5 & Diner,restaurant
5 & Diner®,12%,205.57,4.97g,68.1mg,10.34g,0.94g,8%,shredded seasoned chicken,Side of Machaca Chicken,not found,21.35g,1.78g,1 order,295.65mg,0.67g,1.01g,3%,23%,5 & Diner,restaurant
5 & Diner®,2%,257.27,2g,98.74mg,9.11g,0g,7%,not found,Side of Zesty Chicken,not found,39.31g,1.56g,1 order,420.66mg,2g,0g,1%,3%,5 & Diner,restaurant
5 & Diner®,4%,581.21,6.52g,162.5mg,37.99g,1.98g,44%,not found,Sirloin Steak Dinner,not found,51.13g,15g,1 order,2403.18mg,0.28g,0g,20%,4%,5 & Diner,restaurant
5 & Diner®,19%,309.99,9.29g,123.74mg,8.35g,1.86g,9%,"boneless chicken breast smothered with grilled onions, bell peppers, mushrooms and covered with jack cheese",Smothered Chicken,not found,46.16g,4.6g,1 order,243.8mg,4.28g,0g,9%,87%,5 & Diner,restaurant
5 & Diner®,21%,703.93,15.81g,187.5mg,44.23g,3.84g,46%,"top sirloin smothered with grilled onions, bell peppers, mushrooms and covered with monterey jack cheese",Smothered Sirloin Steak Dinner,not found,57.98g,19.04g,1 order,2536.32mg,4.56g,0g,28%,87%,5 & Diner,restaurant
5 & Diner®,0%,70,19g,0mg,0g,0g,0%,not found,"Soft Drink Flavoring, Cherry flavored",not found,0g,0g,1 fl oz,5mg,19g,0g,0%,0%,5 & Diner,restaurant
5 & Diner®,0%,100,24g,0mg,0g,0g,2%,not found,"Soft Drink Flavoring, Chocolate flavored",not found,0g,0g,1 fl oz,15mg,19g,0g,0%,0%,5 & Diner,restaurant
5 & Diner®,0%,70,19g,0mg,0g,0g,0%,not found,"Soft Drink Flavoring, Vanilla flavored",not found,0g,0g,1 fl oz,5mg,19g,0g,0%,0%,5 & Diner,restaurant
5 & Diner®,8%,200,27g,0mg,7g,3g,5%,not found,"Sonora Tortilla Soup, 8 fl oz",not found,4g,1g,8 fl oz,1410mg,14g,0g,30%,80%,5 & Diner,restaurant
5 & Diner®,0%,120,4g,30mg,10g,0g,0%,not found,Sour Cream,not found,2g,7g,2 fl oz,90mg,2g,0g,8%,8%,5 & Diner,restaurant
5 & Diner®,21%,635.27,88.09g,362.4mg,22.55g,3.16g,33%,"slices of toast dipped in egg batter, grilled and topped with blueberries",Sourdough French Toast,not found,23.69g,4.28g,1 order,884.9mg,21.48g,1.01g,9%,1%,5 & Diner,restaurant
5 & Diner®,23%,709.27,88.48g,574.4mg,27.52g,3.16g,38%,"slices of toast dipped in egg batter, grilled and topped with blueberries with an egg and two pieces of bacon or sausage",Sourdough French Toast Combo,not found,29.98g,5.83g,1 order,954.9mg,21.87g,1.01g,14%,1%,5 & Diner,restaurant
5 & Diner®,28%,705.1,68.09g,132.38mg,23.33g,15.06g,54%,"marinated chicken breast with BBQ ranch dressing, romaine and iceberg lettuce, bacon, black beans, corn and cheddar cheese",Southwest BBQ Chicken Salad,not found,59.43g,8.05g,1 salad,1268.11mg,23.11g,0g,360%,128%,5 & Diner,restaurant
5 & Diner®,26%,874.23,54.26g,166.02mg,50.37g,2.07g,38%,"on a toasted sesame seed bun with mild green chiles, melted pepperjack cheese, chipotle mayo and seasoned mayo",Southwest Burger,not found,47.96g,20.25g,1 sandwich,808.16mg,9.78g,2.44g,14%,20%,5 & Diner,restaurant
5 & Diner®,35%,1136.11,138.09g,145.48mg,50.42g,8.37g,29%,"penne noodles with broiled chicken, roasted sweet corn, red and green bell peppers and red onions, smothered with chili cream sauce a parmesan cheese, served with a southwest eggroll",Southwest Chicken Alfredo,not found,31.95g,26.6g,1 order,491.65mg,20.37g,0.62g,76%,208%,5 & Diner,restaurant
5 & Diner®,25%,744.75,84.26g,80mg,28.98g,3.07g,32%,"tender fried chicken breast smothered with pepperjack cheese, chipotle mayo and a green chile strip and mayo on a toasted bun with lettuce, tomatoes, onions and pickles",Southwest Chicken Sandwich,not found,35.86g,7.97g,1 sandwich,1675.09mg,9.78g,1.01g,15%,28%,5 & Diner,restaurant
5 & Diner®,17%,805.43,59.05g,179.97mg,47.01g,2.12g,18%,not found,Southwestern Chicken Fried Chicken,not found,33.29g,15.72g,1 order,1555.92mg,2.36g,0.16g,25%,12%,5 & Diner,restaurant
5 & Diner®,33%,735.93,97.68g,40mg,28.26g,8.72g,46%,"egg rolls with chicken, roasted corn and black beans (served with queso sauce, listed separately)",Southwestern Egg Rolls,not found,24.5g,5.02g,1 order,2126.19mg,9g,0g,50%,43%,5 & Diner,restaurant
5 & Diner®,95%,1037.44,21.3g,968.96mg,90.07g,4.88g,29%,"with spicy sausage, green chiles, onions, tomatoes, guacamole and sour cream, served with a hot tortilla",Southwestern Omelette,not found,42.66g,28.6g,1 omelette,1713.38mg,9.14g,2.02g,95%,96%,5 & Diner,restaurant
5 & Diner®,29%,1204.95,66.24g,566.26mg,89.86g,10.22g,34%,"spicy sausage, green chiles, onions, tomatoes and country potatoes with montery jack cheese, sour cream, guacamole and a hot tortilla",Southwestern Skillet,not found,39.69g,29.9g,1 order,1901.19mg,5.97g,5.33g,83%,118%,5 & Diner,restaurant
5 & Diner®,2%,711.33,126.13g,0mg,12.6g,11.05g,33%,not found,Spaghetti with Marinara Sauce,not found,21.68g,1.01g,1 order,915.16mg,19.58g,0g,20%,40%,5 & Diner,restaurant
5 & Diner®,57%,562.82,8.38g,771.86mg,45.2g,0.78g,18%,not found,Spanish Omelette,not found,31.96g,15.31g,1 omelette,648.83mg,3.2g,2.02g,36%,46%,5 & Diner,restaurant
5 & Diner®,38%,312.18,19.17g,44.46mg,21.44g,8.43g,0%,"artichoke hearts and spinach in a warm cream sauce (served with crisp tortilla chips, listed separately)",Spinach and Artichoke Dip,not found,9.89g,4.89g,1 order,1194.27mg,9.3g,0g,82%,20%,5 & Diner,restaurant
5 & Diner®,17%,399.51,4.41g,721.86mg,31.44g,1.98g,30%,not found,Spinach Omelette,not found,23.85g,7.34g,1 omelette,306.45mg,1.68g,2.02g,176%,40%,5 & Diner,restaurant
5 & Diner®,0%,192,52g,0mg,0g,0g,0%,not found,"Sprite, 16 fl oz",not found,0g,0g,16 fl oz,94mg,52g,0g,0%,0%,5 & Diner,restaurant
5 & Diner®,0%,264,71.5g,0mg,0g,0g,0%,not found,"Sprite, 22 fl oz",not found,0g,0g,22 fl oz,129.25mg,71.5g,0g,0%,0%,5 & Diner,restaurant
5 & Diner®,5%,541.84,0.78g,521.5mg,39.53g,0g,33%,not found,Steak and Egg Combo,not found,42.58g,13.11g,1 order,620mg,0.78g,1.01g,10%,0%,5 & Diner,restaurant
5 & Diner®,9%,690.5,58.37g,97.5mg,33.69g,3.26g,40%,broiled top sirloin steak served on toasted sourdough bread,Steak Sandwich,not found,39.5g,10.03g,1 sandwich,1080.66mg,5.34g,1.01g,8%,9%,5 & Diner,restaurant
5 & Diner®,10%,946.23,55.07g,539mg,58.31g,6.35g,45%,"sliced 6 oz top sirloin, green peppers, onions, bleu cheese crumbles and country potatoes with sour cream",Steak Skillet,not found,50.77g,19.98g,1 order,979.3mg,3.75g,5.33g,19%,69%,5 & Diner,restaurant
5 & Diner®,4%,38.34,8.31g,0mg,0.29g,2.98g,3%,not found,Steamed Veggies,not found,2.09g,0.04g,1 order,48.89mg,3.42g,0g,144%,105%,5 & Diner,restaurant
5 & Diner®,27%,680.08,124.27g,29.76mg,11.22g,3.54g,43%,not found,Strawberry Pancakes,not found,12.63g,1.99g,1 order,1797.89mg,33.09g,0g,2%,117%,5 & Diner,restaurant
5 & Diner®,36%,977.03,183.96g,39.68mg,14.36g,3.87g,52%,not found,Strawberry Pancakes with Fresh Strawberries,not found,16.62g,2.01g,1 order,2392.82mg,66.92g,0g,0%,176%,5 & Diner,restaurant
5 & Diner®,15%,585.01,72.91g,81.21mg,31.2g,8.28g,12%,not found,Strawberry Waffle,not found,6.66g,19.2g,1 order,1162.03mg,22.33g,0g,21%,117%,5 & Diner,restaurant
5 & Diner®,17%,722.85,73.3g,293.21mg,43.26g,8.28g,17%,not found,Strawberry Waffle Combo,not found,12.95g,21.76g,1 order,1232.03mg,22.72g,1.01g,26%,117%,5 & Diner,restaurant
5 & Diner®,2%,685.82,18.18g,213.27mg,40.68g,0.54g,40%,10 oz. top sirloin USDA choice-cut steak broiled to perfection and served with 3 coconut battered shrimp with tangy orange marmalade sauce,Surf and Turf,not found,59.17g,15.22g,1 order,1163.42mg,2.78g,0g,5%,2%,5 & Diner,restaurant
5 & Diner®,32%,640.96,75.38g,65mg,24.26g,4.04g,23%,two tender fish filets served on a toasted bun with lettuce and special tartar sauce,Surf City Sandwich,not found,28.85g,8.04g,1 sandwich,1306.84mg,6.21g,1.01g,18%,14%,5 & Diner,restaurant
5 & Diner®,65%,641.08,56.22g,101.33mg,29.05g,5.6g,28%,"shredded beef on a bed of salad with tomatoes, cheddar cheese, salsa and sour cream in a crispy tortilla shell","Taco Salad, Beef",not found,43.59g,13.23g,1 salad,1387.93mg,6.83g,1g,102%,50%,5 & Diner,restaurant
5 & Diner®,72%,676.22,58.91g,128.9mg,29.47g,6.06g,24%,"shredded chicken on a bed of salad with tomatoes, cheddar cheese, salsa and sour cream in a crispy tortilla shell","Taco Salad, Chicken",not found,45.75g,12.65g,1 salad,1162.5mg,7.16g,1g,104%,63%,5 & Diner,restaurant
5 & Diner®,0%,140,8g,10mg,12g,0g,0%,not found,Tartar Sauce,not found,0g,2g,2 oz,460mg,6g,0g,0%,0%,5 & Diner,restaurant
5 & Diner®,0%,84.68,1.61g,4.03mg,8.87g,0g,0%,not found,Teriyaki Mayonnaise,not found,0g,1.61g,1 tbsp,94.76mg,1.41g,0g,0%,0%,5 & Diner,restaurant
5 & Diner®,28%,923.23,67.4g,166.02mg,51.51g,3.67g,40%,"ground beef patty topped with cheddar cheese, pineapple, teriyaki mayo and seasoned mayo on a toasted sesame seed bun",Teriyaki Pineapple Burger,not found,48.56g,20.27g,1 sandwich,770.16mg,20.16g,2.44g,15%,80%,5 & Diner,restaurant
5 & Diner®,26%,859.2,73.04g,131.8mg,38.69g,3.47g,25%,"tender marinated chicken breast with pineapple, cheddar cheese, mayo and teriyaki mayo ona toasted bun",Teriyaki Pineapple Chicken Sandwich,not found,55.19g,9.82g,1 sandwich,1912.28mg,25.65g,1.01g,12%,80%,5 & Diner,restaurant
5 & Diner®,11%,554.04,22g,81.33mg,41.92g,1g,15%,"large beef hot dog stuffed with cheese wrapped in bacon, topped with more cheese on a toasted bun",The Francheeze Sandwich,not found,20.2g,15.21g,1 sandwich,1385.86mg,5g,1.01g,5%,0%,5 & Diner,restaurant
5 & Diner®,4%,403.3,32.1g,69.5mg,17.18g,2.5g,11%,"tender sliced turkey, crisp bacon, sliced tomato, lettuce and mayonnaise",The Turkey Club,not found,30.66g,4.84g,1 sandwich,1454.8mg,5.4g,0g,15%,18%,5 & Diner,restaurant
5 & Diner®,4%,253.75,11.75g,21.87mg,20.31g,0g,0%,not found,Thousand Island Dressing,not found,1.12g,3.18g,3 fl oz,651.25mg,9.5g,0g,1%,1%,5 & Diner,restaurant
5 & Diner®,24%,595.27,107.14g,29.76mg,8.92g,0g,36%,not found,Three Country Pancakes,not found,11.9g,0g,1 order,1789.92mg,23.81g,0g,0%,0%,5 & Diner,restaurant
5 & Diner®,12%,361.33,48g,0mg,16.14g,4g,16%,not found,"Toast, 12 Grain",not found,8g,2.53g,1 order,586.4mg,10g,2.53g,10%,0%,5 & Diner,restaurant
5 & Diner®,8%,341.33,46g,0mg,15.14g,2g,12%,not found,"Toast, Raisin",not found,6g,3.53g,1 order,336.4mg,22g,2.53g,10%,0%,5 & Diner,restaurant
5 & Diner®,8%,321.33,36g,0mg,14.14g,2g,12%,not found,"Toast, Rye",not found,6g,2.53g,1 order,486.4mg,2g,2.53g,10%,0%,5 & Diner,restaurant
5 & Diner®,8%,341.33,46g,0mg,15.14g,2g,16%,not found,"Toast, Sourdough",not found,8g,2.53g,1 order,606.4mg,2g,2.53g,10%,0%,5 & Diner,restaurant
5 & Diner®,40%,261.33,30g,0mg,13.14g,2g,8%,not found,"Toast, Wheat",not found,6g,2.53g,1 order,406.4mg,6g,2.53g,10%,0%,5 & Diner,restaurant
5 & Diner®,2%,201.33,19g,0mg,12.14g,1g,6%,not found,"Toast, White",not found,3g,2.53g,1 order,316.4mg,2g,2.53g,10%,0%,5 & Diner,restaurant
5 & Diner®,6%,120,24g,0mg,1g,1g,8%,not found,Toasted English Muffin,not found,4g,0g,1 order,220mg,1g,0g,0%,4%,5 & Diner,restaurant
5 & Diner®,0%,65.45,13.09g,0mg,0g,2.18g,25%,not found,"Tomato Juice, 12 fl oz",not found,2.18g,0g,12 fl oz,1025.45mg,10.91g,0g,0%,219%,5 & Diner,restaurant
5 & Diner®,6%,87.27,17.45g,0mg,0g,2.9g,6%,not found,"Tomato Juice, 16 fl oz",not found,2.9g,0g,16 fl oz,1367.27mg,14.54g,0g,23%,175%,5 & Diner,restaurant
5 & Diner®,1%,24,4.68g,0mg,0.24g,1.2g,2%,not found,"Tomatoes, Sliced",not found,1.08g,0.06g,1 order,6mg,3.18g,0g,20%,25%,5 & Diner,restaurant
5 & Diner®,7%,535.86,0g,116.24mg,31.55g,0g,24%,"10 oz top sirloin dusted with Diner seasoning and topped with onion straws with rosemary red skin potatoes, steamed veggies and garlic toast","Top Sirloin, 10 oz",not found,58.63g,12.73g,1 order,150.26mg,0g,0g,0%,0%,5 & Diner,restaurant
5 & Diner®,15%,250,44g,0mg,5g,2g,10%,not found,Tortilla,not found,8g,1.5g,1 tortilla,480mg,2g,1g,0%,0%,5 & Diner,restaurant
5 & Diner®,0%,396.74,42.56g,0mg,24.82g,3.04g,6%,for Garnish with Spinach and Artichoke Dip,Tortilla Chips,not found,6.08g,0.25g,1 order,1438.41mg,0g,0g,13%,0%,5 & Diner,restaurant
5 & Diner®,43%,565.66,61.88g,28.6mg,26.16g,2.38g,4%,"jalepeno poppers, cheese sticks and breaded mushrooms, served with ranch dressing",Trio Platter,not found,23.72g,10.17g,1 order,1898.22mg,7.61g,0.56g,21%,1%,5 & Diner,restaurant
5 & Diner®,4%,279.11,32.45g,50mg,6.36g,1g,8%,"served with vegetables, creamy mashed potatoes and covered with rich gravy","Turkey Sandwich, Open Faced",not found,28.36g,0g,1 sandwich,1925.52mg,3.36g,0g,0%,0%,5 & Diner,restaurant
5 & Diner®,10%,885.52,107.37g,140mg,48g,2g,18%,not found,Turtle Cheesecake,not found,9g,25g,1 order,676.42mg,52g,4g,25%,0%,5 & Diner,restaurant
5 & Diner®,5%,211.84,0.78g,424mg,17.03g,0g,10%,not found,Two Egg Combo,not found,12.58g,4.11g,1 order,140mg,0.78g,1.01g,10%,0%,5 & Diner,restaurant
5 & Diner®,53%,507.25,50.77g,449mg,21.13g,3.06g,22%,not found,Vegetable Burrito,not found,27g,8.63g,1 order,882.1mg,5.13g,1g,25%,47%,5 & Diner,restaurant
5 & Diner®,14%,710.4,130.54g,2.23mg,9.76g,11.75g,39%,"fresh vegetables sauteed with broiled chicken and marinara sauce served over penne pasta, served with garlic toast",Vegetable Chicken Pasta,not found,26.11g,1.17g,1 order,578.95mg,18.69g,0.62g,166%,455%,5 & Diner,restaurant
5 & Diner®,14%,434.73,65.26g,0mg,8.15g,8.07g,23%,"meatless burger made from a savory blend of vegetables with lettuce, tomato and seasoned mayo on a toasted sesame seed bun",Vegetarian Burger,not found,25.86g,1.52g,1 sandwich,1015.09mg,10.78g,0g,16%,13%,5 & Diner,restaurant
5 & Diner®,24%,494.73,65.26g,20mg,13.15g,8.07g,23%,"meatless burger made from a savory blend of vegetables with American cheese, lettuce, tomato and seasoned mayo on a toasted sesame seed bun",Vegetarian Burger with American Cheese,not found,28.86g,4.52g,1 sandwich,1295.09mg,10.78g,0g,20%,13%,5 & Diner,restaurant
5 & Diner®,29%,514.73,66.26g,25mg,15.15g,8.07g,23%,"meatless burger made from a savory blend of vegetables with cheddar cheese, lettuce, tomato and seasoned mayo on a toasted sesame seed bun",Vegetarian Burger with Cheddar Cheese,not found,30.86g,5.52g,1 sandwich,1155.09mg,10.78g,0g,20%,13%,5 & Diner,restaurant
5 & Diner®,29%,514.73,65.26g,25mg,14.15g,8.07g,23%,"meatless burger made from a savory blend of vegetables with jack cheese, lettuce, tomato and seasoned mayo on a toasted sesame seed bun",Vegetarian Burger with Jack Cheese,not found,30.86g,5.52g,1 sandwich,1145.09mg,10.78g,0g,20%,13%,5 & Diner,restaurant
5 & Diner®,29%,514.73,66.26g,25mg,14.15g,8.07g,23%,"meatless burger made from a savory blend of vegetables with pepperjack cheese, lettuce, tomato and seasoned mayo on a toasted sesame seed bun",Vegetarian Burger with Pepperjack Cheese,not found,30.86g,5.52g,1 sandwich,1145.09mg,10.78g,0g,20%,13%,5 & Diner,restaurant
5 & Diner®,34%,514.73,66.26g,20mg,14.15g,8.07g,23%,"meatless burger made from a savory blend of vegetables with Swiss cheese, lettuce, tomato and seasoned mayo on a toasted sesame seed bun",Vegetarian Burger with Swiss Cheese,not found,31.86g,5.52g,1 sandwich,1065.09mg,10.78g,0g,20%,13%,5 & Diner,restaurant
5 & Diner®,37%,618.84,65.33g,80.8mg,32.11g,8.33g,23%,"cream cheese, Swiss cheese, cucumbers, carrots, onions, alfalfa sprouts, mushrooms, tomato and lettuce on multi-grain bread",Veggie Delight,not found,23.33g,16.26g,1 sandwich,761.28mg,18.17g,0g,215%,26%,5 & Diner,restaurant
5 & Diner®,10%,415.32,8.76g,721.86mg,31.37g,1.74g,20%,not found,Veggie Omelette,not found,23.32g,7.34g,1 omelette,244.61mg,5.27g,2.02g,29%,55%,5 & Diner,restaurant
5 & Diner®,15%,638.04,56.17g,293.21mg,40.96g,4.74g,10%,not found,Waffle Combo,not found,12.22g,19.77g,1 order,1224.06mg,13.44g,1.01g,25%,0%,5 & Diner,restaurant
5 & Diner®,0%,707.94,101.66g,0mg,34.56g,8.01g,16%,not found,Wet French Fries with Brown Gravy,not found,10.37g,5.01g,1 order,2125.23mg,2.4g,6g,4%,40%,5 & Diner,restaurant
5 & Diner®,0%,749.63,101.17g,0mg,38.92g,8.01g,16%,not found,Wet French Fries with Country Gravy,not found,10.25g,7.25g,1 order,1885.03mg,2.28g,8.24g,4%,40%,5 & Diner,restaurant
5 & Diner®,0%,400,0g,0mg,44g,0g,0%,not found,Whipped Butter,not found,0g,10g,2 oz,400mg,0g,10g,40%,0%,5 & Diner,restaurant
5 & Diner®,53%,733.81,146.5g,22.88mg,7.27g,0g,0%,not found,"Yogurt Malt, Butterscotch flavored",not found,20.79g,3.82g,1 malt,654.05mg,111.81g,0g,4%,2%,5 & Diner,restaurant
5 & Diner®,44%,617.47,121.77g,22.88mg,7.27g,0g,12%,not found,"Yogurt Malt, Chocolate flavored",not found,17.15g,3.82g,1 malt,572.89mg,65.89g,0g,4%,2%,5 & Diner,restaurant
5 & Diner®,54%,614.68,119g,22.88mg,7.27g,0.81g,1%,not found,"Yogurt Malt, Strawberry flavored",not found,20.79g,3.82g,1 malt,515.64mg,95.54g,0g,4%,34%,5 & Diner,restaurant
5 & Diner®,62%,586.38,106.85g,29.13mg,8.52g,0g,0%,not found,"Yogurt Malt, Vanilla flavored",not found,23.29g,4.57g,1 malt,553.14mg,84.61g,0g,6%,3%,5 & Diner,restaurant
5 & Diner®,42%,490.6,105.97g,9.37mg,1.87g,0g,0%,not found,"Yogurt Shake, Butterscotch flavored",not found,15.39g,1.12g,1 yogurt shake,383.82mg,84.79g,0g,4%,2%,5 & Diner,restaurant
5 & Diner®,47%,585.25,121.11g,12.5mg,5.69g,0g,16%,not found,"Yogurt Shake, Chocolate Cherry Valentine flavored",not found,16.64g,4.48g,1 yogurt shake,431.55mg,62.26g,0g,5%,2%,5 & Diner,restaurant
5 & Diner®,33%,374.26,81.24g,9.37mg,1.87g,0g,12%,not found,"Yogurt Shake, Chocolate flavored",not found,11.75g,1.12g,1 yogurt shake,302.66mg,38.87g,0g,4%,2%,5 & Diner,restaurant
5 & Diner®,42%,676.95,101.73g,15.62mg,25.18g,0g,5%,not found,"Yogurt Shake, Shamrock flavored",not found,16.94g,16.97g,1 yogurt shake,433.5mg,74.06g,4.03g,6%,3%,5 & Diner,restaurant
5 & Diner®,43%,371.47,78.47g,9.37mg,1.87g,0.81g,1%,not found,"Yogurt Shake, Strawberry flavored",not found,15.39g,1.12g,1 yogurt shake,245.41mg,68.52g,0g,4%,34%,5 & Diner,restaurant
5 & Diner®,51%,343.17,66.32g,15.62mg,3.12g,0g,0%,not found,"Yogurt Shake, Vanilla flavored",not found,17.89g,1.87g,1 yogurt shake,282.91mg,57.59g,0g,6%,3%,5 & Diner,restaurant
5 & Diner®,22%,701.05,115.89g,0mg,21.41g,2.27g,5%,not found,"Yogurt Sundae, Butterscotch",not found,17.08g,4.82g,1 yogurt sundae,342.51mg,85.46g,0g,0%,0%,5 & Diner,restaurant
5 & Diner®,31%,731.33,124.29g,0mg,21.41g,2.27g,22%,not found,"Yogurt Sundae, Chocolate",not found,20.72g,4.82g,1 yogurt sundae,368.66mg,55.26g,0g,0%,0%,5 & Diner,restaurant
5 & Diner®,30%,728.09,99.04g,0mg,33.28g,2.27g,8%,not found,"Yogurt Sundae, Hot Fudge",not found,19.05g,6.79g,1 order,293.26mg,73.44g,3.95g,0%,0%,5 & Diner,restaurant
5 & Diner®,33%,659.08,96.25g,0mg,25.99g,3.48g,6%,not found,"Yogurt Sundae, Strawberry",not found,20.72g,9.09g,1 yogurt sundae,204.57mg,79.83g,0g,0%,49%,5 & Diner,restaurant
5 & Diner®,15%,130.96,29.1g,0mg,0g,0g,0%,not found,"Yogurt, Vanilla",not found,5.82g,0g,1 order,94.58mg,24.73g,0g,0%,0%,5 & Diner,restaurant
5 & Diner®,2%,327.27,4g,98.74mg,16.11g,0g,7%,tender grilled chicken breast marinated in zesty Iltalian blend of herbs and spices,Zesty Chicken Dinner,not found,39.31g,2.56g,1 order,730.66mg,4g,0g,1%,3%,5 & Diner,restaurant
Five Guys®,0%,15,3g,0mg,0g,0g,0%,not found,A.1. Original Steak Sauce,not found,0g,0g,1 Tbsp ? 17g,280mg,2g,0g,0%,0%,5 Guys Famous Burgers and Fries,restaurant
Five Guys®,16%,630,39g,100mg,39g,2g,8%,not found,Bacon Cheeseburger with Bun (plain),not found,31g,18g,1 cheeseburger ? 204g,950mg,8g,0g,4%,0%,5 Guys Famous Burgers and Fries,restaurant
Five Guys®,26%,795,43g,135mg,52g,2g,8%,not found,Bacon Cheeseburger with Bun and Ketchup,not found,39g,24.5g,1 cheeseburger ? 254g,1710mg,12g,0g,12%,0%,5 Guys Famous Burgers and Fries,restaurant
Five Guys®,36%,945,43g,170mg,65g,2g,8%,not found,"Bacon Cheeseburger with Bun, Ketchup and Mustard",not found,47g,31g,1 cheeseburger ? 304g,2335mg,12g,0g,16%,0%,5 Guys Famous Burgers and Fries,restaurant
Five Guys®,46%,1100,44g,205mg,78g,2g,8%,not found,"Bacon Cheeseburger with Bun, Ketchup, Mustard and Pickles",not found,55g,37.5g,1 cheeseburger ? 365g,3170mg,12g,0g,20%,0%,5 Guys Famous Burgers and Fries,restaurant
Five Guys®,6%,260,39g,5mg,9g,2g,6%,not found,Bread,not found,7g,3.5g,1 bun ? 77g,330mg,8g,0g,not found,not found,5 Guys Famous Burgers and Fries,restaurant
Five Guys®,not found,60,16g,0mg,0g,0g,not found,not found,Cattlemen's BBQ Sauce,not found,0g,0g,1 Tbsp ? 17g,400mg,10g,0g,not found,not found,5 Guys Famous Burgers and Fries,restaurant
Five Guys®,16%,550,39g,85mg,32g,2g,8%,not found,Cheeseburger with Bun (plain),not found,27g,15g,1 cheeseburger ? 190g,690mg,8g,0g,4%,0%,5 Guys Famous Burgers and Fries,restaurant
Five Guys®,26%,635,43g,105mg,38g,2g,8%,not found,Cheeseburger with Bun and Ketchup,not found,31g,18.5g,1 cheeseburger ? 226g,1190mg,12g,0g,12%,0%,5 Guys Famous Burgers and Fries,restaurant
Five Guys®,36%,705,43g,125mg,44g,2g,8%,not found,"Cheeseburger with Bun, Ketchup and Mustard",not found,35g,22g,1 cheeseburger ? 262g,1555mg,12g,0g,16%,0%,5 Guys Famous Burgers and Fries,restaurant
Five Guys®,46%,780,44g,145mg,50g,2g,8%,not found,"Cheeseburger with Bun, Ketchup, Mustard and Pickles",not found,39g,25.5g,1 cheeseburger ? 309g,2130mg,12g,0g,20%,0%,5 Guys Famous Burgers and Fries,restaurant
Five Guys®,8%,620,78g,not found,30g,6g,16%,not found,Five Guys Fries (full order),not found,10g,6g,1 regular order ? 244g,90mg,2g,0g,not found,not found,5 Guys Famous Burgers and Fries,restaurant
Five Guys®,4%,310,39g,not found,15g,3g,8%,not found,Five Guys Fries (half order),not found,5g,3g,1/2 regular order ? 122g,45mg,1g,0g,not found,not found,5 Guys Famous Burgers and Fries,restaurant
Five Guys®,0%,0,0g,0mg,0g,0g,0%,not found,Frank's Original Hot Sauce,not found,0g,0g,1 tsp ? 5g,0mg,0g,0g,0%,0%,5 Guys Famous Burgers and Fries,restaurant
Five Guys®,0%,0,0g,0mg,0g,0g,0%,not found,French's Yellow Mustard,not found,0g,0g,1 Tbsp ? 17g,55mg,0g,0g,0%,0%,5 Guys Famous Burgers and Fries,restaurant
Five Guys®,not found,5,2g,0mg,0g,<1g,0%,not found,Green Peppers,not found,0g,0g,25g,1mg,<1g,0g,2%,not found,5 Guys Famous Burgers and Fries,restaurant
Five Guys®,0%,220,0g,60mg,17g,0g,2%,not found,Hamburger Beef Patty (without bun),not found,16g,8g,1 patty ? 94g,50mg,0g,0g,0%,0%,5 Guys Famous Burgers and Fries,restaurant
Five Guys®,6%,260,39g,5mg,9g,2g,6%,not found,Hamburger Bun,not found,7g,3.5g,1 bun ? 77g,330mg,8g,0g,not found,not found,5 Guys Famous Burgers and Fries,restaurant
Five Guys®,6%,480,39g,65mg,26g,2g,8%,not found,Hamburger with Bun (plain),not found,23g,11.5g,1 hamburger ? 171g,380mg,8g,0g,0%,0%,5 Guys Famous Burgers and Fries,restaurant
Five Guys®,6%,495,43g,65mg,26g,2g,8%,not found,Hamburger with Bun and Ketchup,not found,23g,11.5g,1 hamburger ? 188g,570mg,12g,0g,4%,0%,5 Guys Famous Burgers and Fries,restaurant
Five Guys®,6%,495,43g,65mg,26g,2g,8%,not found,"Hamburger with Bun, Ketchup and Mustard",not found,23g,11.5g,1 hamburger ? 205g,625mg,12g,0g,4%,0%,5 Guys Famous Burgers and Fries,restaurant
Five Guys®,6%,500,44g,65mg,26g,2g,8%,not found,"Hamburger with Bun, Ketchup, Mustard and Pickles",not found,23g,11.5g,1 hamburger ? 233g,890mg,12g,0g,4%,0%,5 Guys Famous Burgers and Fries,restaurant
Five Guys®,0%,285,1g,56mg,26g,0g,6%,not found,Hebrew National Hotdog (without bun),not found,11g,12g,1 hotdog ? 90g,800mg,0g,0g,0%,0%,5 Guys Famous Burgers and Fries,restaurant
Five Guys®,6%,260,39g,5mg,9g,2g,6%,not found,Hotdog Bun,not found,7g,3.5g,1 bun ? 77g,330mg,8g,0g,not found,not found,5 Guys Famous Burgers and Fries,restaurant
Five Guys®,6%,545,40g,61mg,35g,2g,12%,not found,Hotdog with Bun (plain),not found,18g,15.5g,1 hotdog ? 167g,1130mg,8g,0g,0%,0%,5 Guys Famous Burgers and Fries,restaurant
Five Guys®,6%,560,44g,61mg,35g,2g,12%,not found,Hotdog with Bun and Ketchup,not found,18g,15.5g,1 hotdog ? 184g,1320mg,12g,0g,4%,0%,5 Guys Famous Burgers and Fries,restaurant
Five Guys®,6%,560,44g,61mg,35g,2g,12%,not found,Hotdog with Bun and Relish,not found,18g,15.5g,1 hotdog ? 182g,1215mg,11g,0g,0%,0%,5 Guys Famous Burgers and Fries,restaurant
Five Guys®,6%,575,48g,61mg,35g,2g,12%,not found,"Hotdog with Bun, Ketchup and Relish",not found,18g,15.5g,1 hotdog ? 199g,1405mg,15g,0g,4%,0%,5 Guys Famous Burgers and Fries,restaurant
Five Guys®,6%,575,48g,61mg,35g,2g,12%,not found,"Hotdog with Bun, Ketchup, Mustard and Relish",not found,18g,15.5g,1 hotdog ? 216g,1460mg,15g,0g,4%,0%,5 Guys Famous Burgers and Fries,restaurant
Five Guys®,6%,560,44g,61mg,35g,2g,12%,not found,"Hotdog with Bun, Mustard and Relish",not found,18g,15.5g,1 hotdog ? 199g,1270mg,11g,0g,0%,0%,5 Guys Famous Burgers and Fries,restaurant
Five Guys®,not found,3,<1g,0mg,0g,0g,0%,not found,Jalapenos,not found,0g,0g,11g,184mg,0g,0g,4%,not found,5 Guys Famous Burgers and Fries,restaurant
Five Guys®,0%,15,4g,0mg,0g,0g,0%,not found,Ketchup,not found,0g,0g,1 Tbsp ? 17g,190mg,4g,0g,4%,0%,5 Guys Famous Burgers and Fries,restaurant
Five Guys®,10%,70,<1g,20mg,6g,0g,0%,not found,Kraft American Cheese,not found,4g,3.5g,1 slice ? 19g,310mg,<1g,0g,4%,0%,5 Guys Famous Burgers and Fries,restaurant
Five Guys®,not found,4,1g,0mg,0g,<1g,0%,not found,Lettuce,not found,0g,0g,30g,3mg,<1g,0g,3%,not found,5 Guys Famous Burgers and Fries,restaurant
Five Guys®,not found,100,not found,10mg,11g,not found,not found,not found,Mayonnaise,not found,0g,2g,14g,75mg,0g,0g,not found,not found,5 Guys Famous Burgers and Fries,restaurant
Five Guys®,not found,5,1g,0mg,0g,0g,not found,not found,Mt. Olive Fresh Kosher Dill Pickles,not found,0g,0g,6 chips ? 28g,265mg,0g,0g,not found,not found,5 Guys Famous Burgers and Fries,restaurant
Five Guys®,not found,15,4g,0mg,0g,0g,not found,not found,Mt. Olive Special Sweet Green Relish,not found,0g,0g,15g,85mg,3g,0g,not found,not found,5 Guys Famous Burgers and Fries,restaurant
Five Guys®,not found,10,3g,0mg,0g,<1g,0%,not found,Onions,not found,0g,0g,26g,1mg,1g,0g,not found,not found,5 Guys Famous Burgers and Fries,restaurant
Five Guys®,0%,80,0g,15mg,7g,0g,0%,not found,Patrick Cudahy Bacon,not found,4g,3g,2 slices ? 14g,260mg,0g,0g,0%,0%,5 Guys Famous Burgers and Fries,restaurant
Five Guys®,not found,10,1g,not found,0g,<1g,0%,not found,Sauteed Mushrooms,not found,1g,0g,25g,100mg,0g,0g,not found,0%,5 Guys Famous Burgers and Fries,restaurant
Five Guys®,not found,9,2g,0mg,0g,<1g,not found,not found,Tomatoes,not found,<1g,0g,52g,3mg,2g,0g,9%,not found,5 Guys Famous Burgers and Fries,restaurant
7-Eleven®,not found,480,3g,80mg,45g,0g,not found,"Oscar Mayer brand hot dog with bun, no condiments",1/3 Pound Biggest Big Bite Hot Dog,not found,16g,19g,1 hot dog,1510mg,2g,not found,not found,not found,7-Eleven,restaurant
7-Eleven®,not found,450,73g,not found,14g,not found,not found,World Ovens brand,Blueberry Muffin,not found,not found,not found,1 muffin,not found,not found,not found,not found,not found,7-Eleven,restaurant
7-Eleven®,10%,190,16g,30mg,7g,1g,6%,not found,Buffalo Chicken Roller,not found,15g,2.5g,1 chicken roller ? 85g,880mg,2g,0g,6%,2%,7-Eleven,restaurant
7-Eleven®,not found,310,34g,not found,17g,not found,not found,World Ovens brand,Cheese Danish,not found,not found,not found,1 danish,not found,not found,not found,not found,not found,7-Eleven,restaurant
7-Eleven®,4%,320,23g,35mg,21g,3g,10%,Oscar Mayer brand corn dog without the stick,Corn Dog Rollers,not found,10g,7g,1 hot dog ? 96g,840mg,5g,0g,0%,8%,7-Eleven,restaurant
7-Eleven®,6%,90,6g,10mg,6g,1g,0%,"warm triangular pan-fried snacks, filled with melted cheese and encrusted with the signature nacho cheese flavor",Doritos Loaded Nacho Cheese Wedges - Each piece,not found,3g,2g,1 piece ? 25g ? 1/4 order,270mg,0g,0g,0%,0%,7-Eleven,restaurant
7-Eleven®,4%,190,23g,15mg,8g,0g,8%,"fluffy eggs, seasoned sausage and bacon","Go-Go Taquitos - Bacon, Egg, Cheese & Potato",not found,6g,2g,1 taquito ? 85g,350mg,1g,0g,2%,0%,7-Eleven,restaurant
7-Eleven®,2%,180,22g,15mg,8g,1g,0%,chicken covered in hot sauce with chunks of blue cheese,Go-Go Taquitos - Buffalo Chicken,not found,6g,2g,1 taquito ? 85g,470mg,1g,0g,2%,8%,7-Eleven,restaurant
7-Eleven®,0%,240,27g,30mg,13g,1g,8%,"cool cream cheese, mild American and melty Monterey cheeses plus fiery jalapeno peppers",Go-Go Taquitos - Jalapeno Cream Cheese,not found,5g,8g,1 taquito ? 85g,320mg,1g,0g,8%,2%,7-Eleven,restaurant
7-Eleven®,2%,280,30g,20mg,14g,3g,10%,chicken with Monterey jack cheese,Go-Go Taquitos - Montery Jack and Chicken,not found,7g,4.5g,1 taquito ? 85g,780mg,1g,0g,8%,2%,7-Eleven,restaurant
7-Eleven®,not found,210,33g,not found,8g,not found,not found,World Ovens brand,Jelly Donut,not found,not found,not found,1 donut,not found,not found,not found,not found,not found,7-Eleven,restaurant
7-Eleven®,10%,520,38g,140mg,34g,1g,10%,"Sausage, Egg & Cheese in a Waffle",Pilllsbury Stuffed Waffle - Sweet Maple Flavor,not found,15g,15g,1 piece ? 4.5 oz ? 127g,800mg,11g,0g,4%,0%,7-Eleven,restaurant
7-Eleven®,not found,177,48g,0mg,0g,0g,not found,not found,"Slurpee, Coca-Cola Classic flavored",not found,0g,0g,12 oz,not found,not found,0g,not found,not found,7-Eleven,restaurant
7-Eleven®,not found,940,116g,not found,42g,not found,not found,"ground beef, beans, red sauce and cheese wrapped in a large tortilla",The Bomb Burrito,not found,not found,16g,1 burrito ? 14 oz,not found,not found,not found,not found,not found,7-Eleven,restaurant
